分类,研报标题,摘要,作者,评级,页数,日期,分享者,来源页,抓取时间,类型,分享时间
投研资讯,华鑫证券-伊之密-300415-公司动态研究报告：技术双引擎驱动装备升级，全球化战略稳步推进-250628,"▌高端注塑机技术进阶，技术创新卡位智能化转型
　　下游新能源汽车、电子、家电及医疗领域需求扩张驱动行业稳步增长，中国塑料机械出口额占全球份额近20%，本土企业加速技术追赶，推动...",尤少炜,买入（首次）,5,2025-06-28,stan******ong,1,2025-06-29 01:10:11,,
投研资讯,天风证券-中粮科技-000930-国内玉米深加工龙头，红利价值随业绩改善凸显-250628,"1.中粮科技：国内玉米深加工龙头，红利价值随业绩改善凸显
　　公司实控人为国资委100%控股的中粮集团，现已形成覆盖食品及食品原料、生物能源和生物可降解材料等产品的玉米加工全产...",吴立，戴飞,买入（首次）,17,2025-06-28,国**券,1,2025-06-29 01:10:11,,
投研资讯,民生证券-芯原股份-688521-事件点评：ASIC龙头定增落地，产业资本踊跃认购-250628,事件：2025年6月，芯原股份完成向特定对象发行A股股票的定增，最终发行价为72.68元/股，相较于定价基准日前20个交易日均价（86.11元/股）折价约15.6%。本次发行共...,方竞，宋晓东,推荐,3,2025-06-28,li***u,1,2025-06-29 01:10:11,,
投研资讯,开源证券-球冠电缆-920682-北交所信息更新：持续中标国家电网项目、1项国标获准发布，2024电力电缆营收+22%-250627,"2024实现营收35.85亿元+20.19%，维持“增持”评级
　　2024全年球冠电缆实现营收35.85亿元同比增长20.19%，归母净利润13,291.64万元同比增长8...",诸海滨,增持,4,2025-06-28,ra***c,1,2025-06-29 01:10:11,,
投研资讯,财通证券-影石创新-688775-AI驱动创新引领，智能影像龙头扬帆起航-250627,"核心观点
　　智能影像设备领军者，创新驱动成长：公司2015年成立于深圳，以全景技术为基点专注于运动相机、全景相机等智能影像设备研发、生产、销售，公司产品不断推陈出新，2019...",张益敏,增持（首次）,32,2025-06-28,z**t,1,2025-06-29 01:10:11,,
投研资讯,开源证券-同力股份-834599-北交所公司深度报告：新能源与无人驾驶技术赋能高毛利新品，矿卡龙头打开增长空间-250624,"2025Q1公司营收15.36亿元（+28.34%），归母净利润1.87亿元（+58.45%）
　　2025年一季度公司实现营收15.36亿元，同比增长28.34%；归母净利润...",诸海滨,买入,20,2025-06-27,195****29,1,2025-06-29 01:10:11,,
投研资讯,华鑫证券-德马科技-688360-公司事件点评报告：智能物流装备领先企业，机器人业务布局不断完善-250627,"事件
　　公司近期公告：1）公司与美客多集团之下属子公司签订销售合同，向其提供智能物流交叉带分拣系统及相关服务，合同金额合计4338.88万美元；2）与上海智元新创技术有限公司...",任春阳，吕卓阳,买入（首次）,5,2025-06-27,am***e,1,2025-06-29 01:10:11,,
投研资讯,华鑫证券-美利信-301307-公司动态研究报告：业绩短期承压，多轮驱动中长期成长-250627,"▌下游多点开花，铝合金精密压铸件需求不减
　　铝合金精密压铸件制造行业产业链跨度长、覆盖面广，下游行业包括通信、储能、汽车、散热等众多应用领域。其中随着5G网络覆盖扩大，预计到...",任春阳,买入（首次）,5,2025-06-27,wj0****01,1,2025-06-29 01:10:11,,
投研资讯,光大证券-美好医疗-301363-更新点评：业绩有望逐步改善，期待新业务拓展潜力-250627,家用呼吸机组件下游客户去库存影响结束，期待25Q2及下半年业绩逐步改善。公司目前的基石业务是家用呼吸机和人工植入耳蜗组件的开发制造和销售。24年公司家用呼吸机组件业务订单回归正...,王明瑞，吴佳青,买入,3,2025-06-27,min****xu,1,2025-06-29 01:10:11,,
投研资讯,开源证券-影石创新-688775-公司首次覆盖报告：全景智能影像设备龙头，技术护航+产品创新驱动成长-250627,"全景智能影像设备龙头，产品持续迭代升级未来可期，维持“买入”评级
　　公司为全球智能影像设备龙头，2015年成立于深圳，通过自研全景技术、防抖技术、AI影像处理技术，主要发力于...",吕明，骆扬,买入（首次）,33,2025-06-27,qin****eo,1,2025-06-29 01:10:11,,
投研资讯,中邮证券-海泰新光-688677-海外库存消化拐点已至，未雨绸缪化解关税风险-250627,"公司致力于探索光学技术与医学、工业及激光、生物识别等多领域的融合创新
　　海泰新光主要从事医用内窥镜器械和光学产品的研发、生产和销售。公司致力于探索光学技术与医学、工业及激光、...",盛丽华,买入,23,2025-06-27,sho****ty,1,2025-06-29 01:10:11,,
投研资讯,长城证券-森麒麟-002984-行业景气度提升推动公司全年业绩增长，看好公司品牌力提升与全球化布局-250627,事件1：2025年4月23日，森麒麟发布2024年年报。公司2024年收入为85.11亿元，同比上升8.53%；归母净利润为21.86亿元，同比上升59.74%；扣非归母净利润...,肖亚平,买入,5,2025-06-27,z56****55,1,2025-06-29 01:10:11,,
投研资讯,国信证券-士兰微-600460-全球份额稳步提升，碳化硅上车加速推进-250627,"核心观点
　　2024年公司功率半导体份额全球第六（占3.3%），国内第一。公司为成熟制程垂直一体化制造的半导体制造企业，主要业务包含分立器件、集成电路及LED板块。2024年...",胡剑，胡慧，叶子,优于大市,5,2025-06-27,yany******357,1,2025-06-29 01:10:11,,
投研资讯,财通证券-海创药业-688302-全国多地迎来首张处方-250627,事件：近日，海创药业首个1类抗癌新药氘恩扎鲁胺软胶囊(海纳安)由复旦大学附属肿瘤医院泌尿外科叶定伟教授团队开出首张处方，北京、广州、天津、河南、成都、江苏等多地相继开出当地首张...,华挺，赵千，张文录,增持,3,2025-06-27,geor******i37,1,2025-06-29 01:10:11,,
投研资讯,天风证券-江河集团-601886-中标多个沙特地标项目，“出海”铸就增长新引擎-250627,"中标多个沙特幕墙订单，海外市场拓展扎实推进
　　6月26日公司公告，全资子公司沙特江河本次签署的JEDDAHTOWER（“吉达塔”或“沙特王国塔”）工程项目的分包合同，金额沙特...",鲍荣富，王涛,买入,3,2025-06-27,ver****en,1,2025-06-29 01:10:11,,
投研资讯,光大证券-联影医疗-688271-事件点评：股权激励彰显长期发展信心，设备更新有望带来业绩改善-250627,"事件：
　　近期，公司发布2025年限制性股票激励计划，拟以95元/股向公司高级管理人员、核心技术人员、中层管理人员及其他人员共计1368人授予500万股限制性股票，约占该激励...",王明瑞，吴佳青,买入,3,2025-06-27,l**h,1,2025-06-29 01:10:11,,
投研资讯,华鑫证券-三花智控-002050-公司事件点评报告：主业筑牢基本盘，业绩增长稳健-250627,"事件
　　三花智控发布2025年半年度业绩预告：预计2025年上半年度实现收入150.44亿元-177.79亿元，同比增长10%-30%;实现归母净利润18.93亿元-22.7...",尤少炜,买入（首次）,5,2025-06-27,jian******iye,1,2025-06-29 01:10:11,,
投研资讯,华鑫证券-海力风电-301155-公司动态研究报告：海风建设加速，公司交付有望放量-250627,"▌领先的海风装备供应商，深远海+出口贡献新动能
　　公司是国内领先的海上风电装备供应商，聚焦风电设备零部件的研产销，主要产品为风电塔筒、桩基、导管架及升压站等，尤以海上风电设备...",张涵,买入（首次）,5,2025-06-27,ccz****11,1,2025-06-29 01:10:11,,
投研资讯,中邮证券-黄山谷捷-301581-技术壁垒巩固龙头地位，盈利修复可期-250627,"投资要点
　　公司专业从事功率半导体模块散热基板的研发、生产和销售，产品主要应用于新能源汽车领域，是电机控制用车规级功率半导体模块的重要组成部件，并拓展至新能源发电、储能、轨道...",付秉正,增持（首次）,5,2025-06-27,g**o,1,2025-06-29 01:10:11,,
投研资讯,开源证券-迅安科技-834950-北交所信息更新：电动送风呼吸器增长+泰国子公司落地，募投产能8月31日达产-250626,"2025Q1：营收5430万元，同比+7%；归母净利润1234万元，同比+6%
　　公司发布2024年报与2025年一季报，2024年，公司实现营业收入2.23亿元，同比增长5...",诸海滨,增持,4,2025-06-27,dai****52,1,2025-06-29 01:10:11,,
投研资讯,中邮证券-昆仑万维-300418-利润短期承压，AI商业化进展加速-250627,"事件回顾
　　2025年4月26日，公司发布2024年年报，公司2024年实现营业收入56.62亿元，同比增长15.20%；归母净利润-15.95亿元，同比下降226.74%；...",王晓萱,增持,5,2025-06-27,1001******ZHU,2,2025-06-29 01:10:14,,
投研资讯,开源证券-戈碧迦-835438-北交所信息更新：设立子公司布局医疗新材料板块，重点发展半导体应用领域-250626,"2025Q1实现营收1.24亿元、归母净利润878.24万元
　　公司发布2024年报与2025年一季报，2024年，公司实现营收5.66亿元，同比下降29.95%，归母净利润...",诸海滨,增持,4,2025-06-27,虞***,2,2025-06-29 01:10:14,,
投研资讯,群益证券-格力电器-000651-空调品类“6·18”大促销售较好，新一轮“国补”7月将下达-250627,"结论及建议：
　　空调在618大促表现较好，格力空调品类销售额领跑行业：从产业在线数据来看，受益于国补政策推动，5月空调内销出货量同比增长13.4%。6月初虽有部分省份国补暂停...",王睿哲,买进,3,2025-06-27,克**一,2,2025-06-29 01:10:14,,
投研资讯,群益证券-海光信息-688041-合并中科曙光有望增强算力产业竞争优势，未来发展空间进一步提升-250627,"事件：
　　2025年6月10日，海光信息公告《换股吸收合并曙光信息产业股份有限公司并募集配套资金暨关联交易预案》，计划通过换股吸收合并的方式对海光信息和中科曙光进行战略重组。...",何利超,买进,3,2025-06-27,xia****11,2,2025-06-29 01:10:14,,
投研资讯,中邮证券-鹏鼎控股-002938-卡位AI浪潮，业绩稳健增长-250627,"投资要点
　　卡位AI终端消费品创新周期，为业绩稳定增长提供动能。AI功能从云端向端侧加速渗透，驱动消费电子产业升级迭代，为未来消费电子市场带来了巨大的市场空间。据统计2024...",吴文吉,买入,4,2025-06-27,csj****er,2,2025-06-29 01:10:14,,
投研资讯,国金证券-宁波华翔-002048-剥离欧洲轻装行，布局机器人启新篇-250626,"投资逻辑：
　　中高档乘用车零部件龙头，轻量智能升级开拓自主品牌。公司专注于中高档乘用车零部件业务，通过“自身研发+合资并购”的方式，推动产品朝着轻量化、安全化、智能化和模块化...",陈传红，冉婷,买入（首次）,33,2025-06-27,jhc****88,2,2025-06-29 01:10:14,,
投研资讯,中邮证券-瑜欣电子-301107-通机景气向上和新客户新产品开拓带动公司业绩高增，战略布局机器人等新成长点-250627,"投资要点
　　瑜欣电子，成立于2003年，总部位于重庆高新区，主要致力于通机、非道路车辆、园林工具等行业的电子电气零部件的研发、制造和销售。公司主要产品可划分为三大类：（1）通...",刘卓，虞洁攀,增持（首次）,5,2025-06-27,stev******e12,2,2025-06-29 01:10:14,,
投研资讯,山西证券-三花智控-002050-业绩预告靓丽，港股IPO顺利发行-250627,"事件描述
　　2025年6月24日晚，三花智控发布了2025年半年度业绩预告，2025H1实现营收150.4-177.8亿，同比增长10%-30%，归属于上市公司净利润为18....",陈玉卢,买入-A（首次）,5,2025-06-27,采姑娘****蘑菇,2,2025-06-29 01:10:14,,
投研资讯,长城证券-永和股份-605020-制冷剂进入长景气周期，关注公司含氟高分子材料及精细化学品布局-250627,事件1：2025年4月24日，永和股份发布2024年年报。公司2024年收入为46.06亿元，同比上升5.42%；归母净利润为2.51亿元，同比上升36.83%；扣非归母净利润...,肖亚平,买入,5,2025-06-27,hou****qi,2,2025-06-29 01:10:14,,
投研资讯,中邮证券-广东宏大-002683-矿服民爆一体化龙头，深耕军工谱新篇-250627,"投资要点
　　广东宏大创立于1988年，是广东省环保集团有限公司控股企业，是中国第一家矿山民爆一体化服务上市公司。公司以矿山工程服务、民用爆破器材生产与销售、防务装备为三大主业...",鲍学博，马强,增持（首次）,29,2025-06-27,ha***i,2,2025-06-29 01:10:14,,
投研资讯,华安证券-弘景光电-301479-新兴消费电子时代，光学创新大有可为-250625,"新兴消费光学引领公司成长
　　弘景光电成立于2012年，是一家专业从事光学镜头及摄像模组产品的研发、设计、生产和销售的高新技术企业。公司主要产品包括智能汽车光学镜头及摄像模组和...",陈耀波，刘志来,买入（首次）,26,2025-06-27,blu****06,2,2025-06-29 01:10:14,,
投研资讯,中航证券-小商品城-600415-“六区”招商超预期，跨境金融打造第二增长极-250625,事件:①6月17日，公司全球数贸中心的珠宝行业完成招商，本次招商上位数量共389个。②6月18日，公司全资子公司浙江迅弛数字科技有限公司（“义支付”母公司）拟于中国香港特别行政...,裴伊凡，郭念伟,买入,4,2025-06-27,Han****ng,2,2025-06-29 01:10:14,,
投研资讯,建银国际-三花智控-002050-大市场下的小规模发行-250623,有限的H股流通量支持股价。三花智控H股今日首日上市，开盘下跌后逐步回升，最终表现基本持平（全日下跌0.1%）。重新审视发行结构，三花H股发行价定在区间上限22.53港元，较其A...,龙兆丰，曲克,优于大市,3,2025-06-27,徐***,2,2025-06-29 01:10:14,,
投研资讯,东吴证券-晶盛机电-300316-成功备案60万片8英寸衬底产能，有望受益8英寸衬底产业化-250626,"事件：浙江省投资项目在线审批监管平台发布了晶盛机电子公司晶瑞电子材料有限公司年产60万片8英寸碳化硅衬底片切磨抛产线项目的备案公示。
　　晶盛机电衬底产能规划达90万片，规模效...",周尔双，李文意,买入,3,2025-06-26,d**a,2,2025-06-29 01:10:14,,
投研资讯,光大证券-阳煤化工-600691-公告点评：大股东增持体现发展信心，拟更名潞化科技深化产业转型-250626,"事件1：
　　公司控股股东山西潞安化工有限公司于2025年6月24日通过上海证券交易所交易系统以集中竞价的方式增持公司股票210万股，占公司总股本的0.09%，本次增持成交总额...",赵乃迪，蔡嘉豪,增持,4,2025-06-26,sc***w,2,2025-06-29 01:10:14,,
投研资讯,华西证券-长川科技-300604-2025H1业绩预告点评：业绩超预期，持续受益数字测试机放量+新品突破-250625,"事件概述
　　公司发布业绩预增公告，同时发布定增预案。
　　高端测试机快速放量，2025H1业绩高增超预期
　　2025H1公司预计实现归母净利润3.6-4.2亿元，同比+68...",黄瑞连,增持,5,2025-06-26,岚***,2,2025-06-29 01:10:14,,
投研资讯,东吴证券-湘财股份-600095-金融科技加持，财富管理转型出奇制胜-250626,"投资要点
　　历经多次战略转型，近年资本运作与科技赋能不断加速。前身为1994年成立的哈高科，以大豆深加工等传统产业为主营业务。2005年引入民营资本新湖控股后开启股权结构改革...",孙婷，何婷,增持,18,2025-06-26,zha****60,2,2025-06-29 01:10:14,,
投研资讯,中邮证券-裕太微-688515-七大产品线形成框架，研发投入步入收获期-250626,"投资要点
　　市场持续复苏，下游客户需求有所增长。随着半导体行业周期性下行收尾，市场需求逐步复苏及客户库存逐步优化，下游客户需求有所增长；同时公司2.5G网通以太网物理层芯片、...",万玮，吴文吉,买入,5,2025-06-26,331****85,2,2025-06-29 01:10:14,,
投研资讯,西南证券-力盛体育-002858-公司回购股份达1%，彰显长期发展信心-250626,事件：公司发布关于回购股份比例达到1%暨回购进展公告，截至2025年6月23日，公司通过回购专用证券账户以集中竞价方式回购公司股份166.32万股，占公司总股本的1.01%，最...,陈柯伊，周杰，刘言,买入,4,2025-06-26,lan****ha,2,2025-06-29 01:10:14,,
投研资讯,中邮证券-宏达股份-600331-集团支持加码，世界级铜矿或将启动-250626,"事件：6月17日，公司发布向特定对象发行股票募集说明书，拟向控股股东蜀道集团发行6.10亿股，发行价格为4.68元/股，募集资金总额为28.53亿元。
　　公司主营业务为磷化工...",李帅华，魏欣,增持（首次）,5,2025-06-26,luot******bju,2,2025-06-29 01:10:14,,
投研资讯,群益证券-完美世界-002624-重点新游《异环》今年有望上线，预计将大幅提升游戏收入-250626,"事件：
　　《异环》收容测试于6月26日正式开启。此前，五月国家新闻出版署公布了新一批国产网络游戏审批结果，完美世界旗下2025年重点储备的都市怪谈题材二次元开放世界游戏《异环...",何利超,买进,3,2025-06-26,枫**枫,3,2025-06-29 01:10:16,,
投研资讯,群益证券-北方华创-002371-科技摩擦加剧，中国对于先进制程需求迫切-250626,"结论与建议：
　　伴随中美贸易摩擦升级，先进制程的产能问题已经成为制约中国AI产业发展的最核心问题，因此我们预计2H25开始，中国半导体产业有望迎来先进工艺扩张的结构性契机。公...",朱吉翔,买进,3,2025-06-26,Wai****QX,3,2025-06-29 01:10:16,,
投研资讯,国联民生证券-稳健医疗-300888-公司深度：品牌向上，医疗+消费高质成长-250626,"投资要点
　　品牌力领先的大健康企业，“医疗+消费”双轮驱动
　　稳健医疗以医用敷料代工起家，后通过自主研发全棉水刺无纺布切入消费品领域。当前公司医疗与消费业务双轮驱动，“稳健...",高旭和,买入（首次）,47,2025-06-26,suy****_0,3,2025-06-29 01:10:16,,
投研资讯,华西证券-悦达投资-600805-拥抱“双碳”时代，“两新一智”绘新蓝图-250624,盐城市属优质平台企业，战略转型新兴产业。公司控股股东为悦达集团，实控人为盐城市政府。公司作为国资平台承担着向国家战略新兴领域推进的关键职能，在地区项目获取、资源配置等方面具备显...,戚舒扬,增持（首次）,40,2025-06-26,金色***光,3,2025-06-29 01:10:16,,
投研资讯,中邮证券-南亚新材-688519-高端产品放量驱动盈利高增，全球化布局深化成长动能-250626,"投资要点
　　高速等高端产品放量，驱动盈利高增。2024年公司营收同比增长12.70%至33.62亿元，归母净利润同比增长138.86%至5032万元，主要系针对高端市场产能严...",吴文吉,买入（首次）,5,2025-06-26,wen****su,3,2025-06-29 01:10:16,,
投研资讯,东吴证券-浙江荣泰-603119-收购金力传动15%股权，进军微型传动模组领域-250626,"事件：公司拟收购金力传动15%股份，以股份转让方式受让目标公司原股东股份，目标公司估值20亿元，对应24年5xPB、31xPE
　　目标公司定位微特传动第一品牌、技术积累深厚。...",曾朵红，阮巧燕，岳斯瑶,买入,3,2025-06-26,32***9,3,2025-06-29 01:10:16,,
投研资讯,中邮证券-学大教育-000526-个性化教育稳定增长，多元拓展丰富盈利结构-250626,"事件回顾
　　2025年4月26日，公司发布2024年年报及2025年一季报。2024年公司实现营业收入27.86亿元，同比增长25.90%；归母净利润1.8亿元，同比增长16...",王晓萱,买入（首次）,5,2025-06-26,想***,3,2025-06-29 01:10:16,,
投研资讯,中邮证券-立高食品-300973-产品与渠道深耕驱动增长，成本管控优化盈利-250626,"投资要点
　　公司在稀奶油领域展现出强劲的产品迭代能力，冷冻烘焙新品在山姆渠道表现亮眼。继2023年推出高端产品360pro后，公司进一步推出330等产品、形成高中低产品矩阵，...",蔡雪昱，杨逸文,买入,5,2025-06-26,ang****ng,3,2025-06-29 01:10:16,,
投研资讯,开源证券-金诚信-603979-公司首次覆盖报告：矿服资源协同作战，铜矿业务快速成长-250625,"“矿服+资源”双轮驱动，国内矿服龙头乘风而起
　　金诚信是国内领先的矿山服务商之一，目前在手订单充裕，主业发展稳健。在矿服业务稳定发展基础上，公司积极向资源领域延伸，形成“矿服...",孙二春,买入（首次）,29,2025-06-26,mr***n,3,2025-06-29 01:10:16,,
投研资讯,开源证券-巨人网络-002558-公司首次覆盖报告：IP为盾，锐意创新，老牌游戏龙头再启航-250625,"核心IP稳固，《超自然行动组》等驱动成长，首次覆盖，给予“买入”评级
　　公司为研运一体的网络游戏龙头公司，公司核心IP“征途”系列通过精细化长线运营，基本盘稳固，以《球球大作...",方光照，田鹏,买入（首次）,21,2025-06-26,啸***,3,2025-06-29 01:10:16,,
投研资讯,天风证券-南极光-300940-技术为擎，驱动广阔成长空间-250626,"一、公司概况
　　深圳市南极光电子科技股份有限公司成立于2009年，由姜发明、潘连兴共同出资设立（注册资本200万元），专注LED背光源产品研发，主营业务为背光显示模组及相关产...",潘暕，许俊峰,买入（首次）,13,2025-06-26,mis****rs,3,2025-06-29 01:10:16,,
投研资讯,辉立证券-双环传动-002472-海外業務加速拓展，多元化產品體系齊驅並進-250624,"公司簡介：
　　雙環傳動專注於齒輪傳動產品製造，齒輪業務占比大約八成，並逐步完成從傳統齒輪產品向高精密齒輪及其相關零部件的轉型升級，目前主要產品為齒輪類產品（乘用車齒輪、商用車...",章晶,增持（上调）,5,2025-06-26,ron****59,3,2025-06-29 01:10:16,,
投研资讯,华西证券-康冠科技-001308-智能电视及交互显示业务稳健，创新类显示业务打造新增长极-250626,"康冠科技：专注智能显示三十载，业务版图日臻丰富
　　康冠科技成立于1995年，主要产品包括智能交互平板、创新类显示产品、专业类显示产品及智能电视等。作为全球智能显示行业龙头企业...",纪向阳,买入（上调）,27,2025-06-26,mi***i,3,2025-06-29 01:10:16,,
投研资讯,财通证券-杰创智能-301248-AI+安全机器人、AI智算云服务双翼齐飞-250625,双翼齐飞，布局安全机器人与AI智算云服务：公司积极拓展安全机器人和AI智算云服务两大核心业务，战略性拓展多元垂直场景，目前已升级为AI产品和应用解决方案提供商。2020-202...,杨烨,增持（首次）,40,2025-06-26,dis****am,3,2025-06-29 01:10:16,,
投研资讯,华鑫证券-广大特材-688186-公司事件点评报告：半年度业绩预增，齿轮箱零部件和海风铸件增量显著-250625,"事件
　　广大特材发布2025年半年度业绩预增公告：预计实现营收25.00亿元，同比增长32.91%；预计实现归母净利润2.00亿元，同比增长367.51%；预计实现归母扣非净...",张涵,买入（首次）,5,2025-06-26,yl***l,3,2025-06-29 01:10:16,,
投研资讯,开源证券-铁大科技-872541-北交所信息更新：投资低速无人驾驶，加码布局具身智能机器人、自动驾驶等新领域-250625,"公告拟通过沪通智行持股狗熊机器人37.69%，维持“增持”评级
　　铁大科技2025年6月20日发布公告称，拟通过全资子公司上海沪通智行科技有限公司向狗熊机器人有限公司投资6,...",诸海滨,增持,4,2025-06-26,471****03,3,2025-06-29 01:10:16,,
投研资讯,华福证券-稳健医疗-300888-从韩国卫生巾事件看稳健品牌价值-250625,"投资要点：
　　看好公司卫生巾品牌成长性、渠道红利与差异化。①成长性：据久谦中台，奈丝公主品牌抖音5月销售额保持同比196%的快速增长，1-5月累计同比增长322%。据蝉妈妈抖...",李宏鹏，李含稚,买入,12,2025-06-25,陈***,3,2025-06-29 01:10:16,,
投研资讯,开源证券-美邦科技-832471-北交所信息更新：募投3万吨/年THF产能逐步释放，2024全年营收5.40亿元+13%-250625,"2024全年实现营收5.40亿元+12.89%，维持“增持”评级
　　2024全年美邦科技实现营收5.40亿元同比增长12.89%，归母净利润-345.27万元。2025Q1实...",诸海滨,增持,4,2025-06-25,lk***k,3,2025-06-29 01:10:16,,
投研资讯,中航证券-中科金财-002657-金融科技主业筑基，AI+区块链双轮驱动-250624,"报告摘要
　　深耕金融科技IT创新，营收渐趋恢复态势明显
　　公司专注于AGI、WEB3.0、数字人民币、数据要素等核心技术研发，主要围绕金融机构、政府与公共事业、企业三大客户...",卢正羽，刘牧野,买入（首次）,6,2025-06-25,pan****97,3,2025-06-29 01:10:16,,
投研资讯,华福证券-锡业股份-000960-2024年报&2025一季报点评：24年产量持续攀升，25Q1盈利能力提升-250625,"事件
　　公司发布2024年报及2025年一季报，2024实现营收420亿元，同比-0.91%；归母净利润14.4亿元，同比+2.55%；扣非归母净利19.4亿元，同比+40....",王保庆,买入,3,2025-06-25,h**z,3,2025-06-29 01:10:16,,
投研资讯,东海证券-恒玄科技-688608-公司深度报告：高制程打造长期壁垒，端侧AI布局多条成长路径-250625,"投资要点：
　　恒玄科技主营业务为低功耗无线计算SoC芯片的研发、设计与销售，先进产品已经迭代到6nm制程，致力于成为国内蓝牙音频SOC领军企业。公司芯片集成多核CPU、DSP...",方霁,买入（首次）,23,2025-06-25,su***t,4,2025-06-29 01:10:17,,
投研资讯,东吴证券-民生健康-301507-百年同春，福泽民生-250625,"投资要点
　　百年同春，福泽民生。民生健康的控股股东为杭州民生药业，其前身是1926年创立的同春药房，同时也是中国最早生产针剂的西药厂之一。1985年民生针对国人研发上市了多维...",苏铖，邓洁,买入（首次）,24,2025-06-25,仙**季,4,2025-06-29 01:10:17,,
投研资讯,中邮证券-香农芯创-300475-受益于DDR4涨价分销盈利能力改善，自研企业级存储模组进展顺利-250625,"投资要点
　　DDR4价格或持续上行，DDR5替代进程提速。根据TrendForce集邦咨询，由于DRAM主要供应商将逐渐收敛Server和PCDDR4产出，以及买方积极提前备...",吴文吉,买入,5,2025-06-25,sl1****59,4,2025-06-29 01:10:17,,
投研资讯,群益证券-埃斯顿-002747-人形机器人新品发布，公司拟申请香港上市-250625,"结论与建议：
　　公司从工业机器人向具身智能领域拓展，2025年6月埃斯顿酷卓科技发布第二代人形机器人Codroid 02，全身自由度可达31个（不含灵巧手），在关节、系统、场...",赵旭东,买进,3,2025-06-25,na9****15,4,2025-06-29 01:10:17,,
投研资讯,华安证券-慕思股份-001323-聚焦床垫主业，引领智慧睡眠趋势-250615,"概况：中高端床垫品牌，健康睡眠倡导者
　　慕思股份成立于2007年，致力于提供中高端健康睡眠产品及服务，目前是集研发、设计、生产、销售、服务于一体的智慧健康睡眠解决方案服务商。...",徐偲，余倩莹,买入（首次）,32,2025-06-25,gen****ei,4,2025-06-29 01:10:17,,
投研资讯,长城证券-红墙股份-002809-大亚湾项目正式投产，构建精细化工增长引擎-250625,"事件：2025年6月16日，公司披露子公司红墙化学取得《安全生产许可证》的公告，标志着公司年产32万吨环氧乙烷及环氧丙烷衍生物项目进入正式生产期，对此点评如下：
　　公司大亚湾...",花江月,增持（首次）,4,2025-06-25,ay***q,4,2025-06-29 01:10:17,,
投研资讯,东方证券-北摩高科-002985-起落架批产交付，民航刹车市场持续拓展，应收账款问题有望改善-250625,"核心观点
　　起落架市场持续开拓，25年将实现多型飞机起落架小批产交付。公司24年起落架着陆系统业务实现收入0.84亿元（+1766.18%），多款产品进入重要应用节点：1）2...",罗楠，冯函,买入,5,2025-06-25,cn***g,4,2025-06-29 01:10:17,,
投研资讯,开源证券-创远信科-831961-北交所信息更新：两项国家研发项目完成验收工作，2025Q1归母净利润同比+245%-250625,"2025Q1实现营收6,091.41万元、归母净利润565.80万元
　　公司发布2024年报与2025年一季报，2024年，公司实现营收2.33亿元，同比下滑13.93%；归...",诸海滨,增持,4,2025-06-25,毕**云,4,2025-06-29 01:10:17,,
投研资讯,中邮证券-工业富联-601138-AI服务器增长强劲-250625,"投资要点
　　云厂商CAPEX持续增长，全年订单强劲。AI正处于快速发展、广泛应用的阶段，为了在AI领域占据领先地位，云厂商需要不断投入资本来建设、升级AI算力基础设施，以满足...",吴文吉,买入,4,2025-06-25,has****ee,4,2025-06-29 01:10:17,,
投研资讯,群益证券-歌尔股份-002241-AI眼镜新品频出，声光电龙头估值具备吸引力-250625,"结论与建议：
　　1Q25全球智能眼镜出货量达149万台，同比增长82%，预计全年出货量将突破1450万台，增长超过4成。当前AI眼镜行业正处于技术突破与商业化爆发的关键转折点...",朱吉翔,买入,2,2025-06-25,ruo****26,4,2025-06-29 01:10:17,,
投研资讯,德邦证券-中国石化-600028-业绩环比显著改善，高分红彰显长期价值-250625,事件：1）3月23日，公司发布2024年年报。2024年公司实现营业收入30746亿元，同比-4.3%；归母净利润503亿元，同比-16.8%；扣非归母净利润481亿元，同比-...,王华炳,买入（首次）,20,2025-06-25,790****58,4,2025-06-29 01:10:17,,
投研资讯,开源证券-胜科纳米-688757-中小盘次新股说：国内领先的半导体第三方检测企业，失效与材料分析领军者-250625,"稀缺的半导体第三方检测企业，被喻为“芯片全科医院”
　　胜科纳米是中国领先的半导体第三方检测分析服务商，服务于半导体全产业链客户，被喻为“芯片全科医院”。近年来，公司业绩高速增...",周佳,,16,2025-06-25,luo****98,4,2025-06-29 01:10:17,,
投研资讯,长城证券-鼎捷数智-300378-未来峰会绘制AI赋能产业新图景-250625,"事件：6月19日，鼎捷数智股份有限公司于武汉举办2025（第四届）数智未来峰会。
　　董事长开启创新对话，构建未来AI蓝图：本次发布会以“AI创变·破界生长”为主题，汇集多方共...",侯宾，沈彻,买入,4,2025-06-25,don****ng,4,2025-06-29 01:10:17,,
投研资讯,中邮证券-三元股份-600429-短期需求承压，经营质量不断改善-250625,"投资要点
　　公司2024年实现营业收入/归母净利润/扣非净利润70.12/0.55/0.30亿元，同比-10.73%/-77.44%/934.19%。2024年，公司毛利率/...",蔡雪昱，张子健,增持（首次）,5,2025-06-25,byr****an,4,2025-06-29 01:10:17,,
投研资讯,长城证券-巨化股份-600160-制冷剂行业进入长景气周期，看好公司行业龙头地位-250624,事件1：2025年4月24日，巨化股份发布2024年年报。公司2024年收入为244.62亿元，同比上升18.43%；归母净利润为19.60亿元，同比上升107.69%；扣非归...,肖亚平,买入,5,2025-06-25,smil******gle,4,2025-06-29 01:10:17,,
投研资讯,中邮证券-广合科技-001389-数字化推动提产增效，经营业绩稳步提升-250625,"投资要点
　　AI推动的下游需求增长将继续拉升高频高速板、HDI板、IC载板等高端PCB需求。得益于AI及汽车电子领域需求保持高位，同时下游消费电子等领域需求亦有改善，2024...",吴文吉,买入（首次）,4,2025-06-25,if***m,4,2025-06-29 01:10:17,,
投研资讯,东吴证券-三花智控-002050-25年半年报预告点评：Q2业绩预告超预期，人形静待量产节奏提速-250625,公司发布25年半年度业绩预告、Q2业绩超市场预期。根据预告，公司25H1营收150.4-177.8亿元，同比+10%~30%，归母净利润18.9-22.7亿元，同比+25%-5...,曾朵红，阮巧燕，谢哲栋,买入,3,2025-06-25,hua****ng,4,2025-06-29 01:10:17,,
投研资讯,华金证券-佳电股份-000922-深度报告：工业特种电机龙头，核电业务进入收获期-250622,"核心观点
　　我国工业特种电机行业摇篮。佳电股份始建于1937年，是国内特种电机领域的核心供应商，依托央企哈电集团背景和技术优势，在核电、防爆电机等高端市场占据重要地位。是国内...",贺朝晖，周涛,买入（首次）,38,2025-06-25,605****58,4,2025-06-29 01:10:17,,
投研资讯,财通证券-歌尔股份-002241-员工持股+大股东增资子公司，彰显长线增长信心-250624,"事件：公司公告“家园8号”员工持股计划（草案）以及公司控股股东/董事长/股东对控股子公司歌尔光学增资计划。
　　员工持股计划促进公司长效发展：公司此前于2025年5月8日公告股...",张益敏,增持,3,2025-06-24,lip****lk,4,2025-06-29 01:10:17,,
投研资讯,中邮证券-中科蓝讯-688332-WiFi芯片加速落地-250624,"投资要点
　　WiFi芯片加速落地。公司坚持“两个连接”的战略路线，在持续深耕蓝牙技术的同时，加大Wi-Fi技术的研究，研发了新一代Wi-Fi+蓝牙Combo射频及ePTA共存...",万玮，吴文吉,买入,4,2025-06-24,heji******725,4,2025-06-29 01:10:17,,
投研资讯,长城证券-新强联-300850-风电传动链集成释放TRB需求，公司产能释放共振行业回暖-250624,风电行业景气回暖，风机传动链可靠性成为重中之重。2025年风电行业延续回暖态势，国内新增装机量持续攀升。海上风电项目取得显著突破，为产业链注入新动力；政策端“以大代小”改造与“...,王泽雷，于夕朦,增持（首次）,52,2025-06-24,ljl****lj,5,2025-06-29 01:10:19,,
投研资讯,天风证券-万达电影-002739-“超级娱乐空间”战略深化，业务协同赋能非票收入-250624,事件：6月16日，万达电影在上海举办2025「超级娱乐空间」战略发布会。董事长陈祉希正式提出并深化“1+2+5”全新战略版图，即以“超级娱乐空间”为核心，聚焦国内国际两大市场，...,孔蓉，曹睿,买入,3,2025-06-24,dra****ng,5,2025-06-29 01:10:19,,
投研资讯,海通国际-今世缘-603369-跟踪报告：精细管理，迎难而上-250624,"事件：公司近期召开2024年股东大会，会上公司主要对行业形势判断及产品与市场策略进行交流。
　　央媒纠偏政策导向，产业信心有所恢复。当前白酒行业处于“政策调整、消费结构转型、存...",闻宏伟，吴岱禹,优于大市,12,2025-06-24,小丸***力,5,2025-06-29 01:10:19,,
投研资讯,国信证券-京东方A-000725-拟收购彩虹光电30%股权，面板行业竞争格局优化-250624,"事项：
　　6月17日，公司发布关于拟收购咸阳彩虹光电科技有限公司部分股权的自愿性信息披露公告，拟收购彩虹显示器件股份有限公司拟出售所持咸阳彩虹光电科技有限公司30%的股权，挂...",胡剑，胡慧，叶子,优于大市,6,2025-06-24,yka****23,5,2025-06-29 01:10:19,,
投研资讯,华鑫证券-东方电热-300217-公司动态研究报告：合作上海织识，进军机器人电子皮肤-250624,"▌聚焦三大业务，2025年整体保持稳健
　　公司是国内最大的空调辅助电加热器制造商、国内前二的新能源汽车PTC电加热器企业、国内唯一量产动力类预镀镍材料的供应商。
　　公司将聚...",张涵,买入（首次）,5,2025-06-24,ljl****70,5,2025-06-29 01:10:19,,
投研资讯,中邮证券-京北方-002987-数字货币先行者，技术卡位优势明显-250624,"金融科技服务领航者，收入规模稳定增长
　　京北方是国内领先的金融科技服务提供商，公司致力于人工智能、大数据、云计算、区块链、隐私计算及数字孪生等前沿科技的探索、实践与创新，为客...",孙业亮，丁子惠,买入（首次）,5,2025-06-24,chua******cai,5,2025-06-29 01:10:19,,
投研资讯,长城证券-三美股份-603379-行业格局向好，公司业绩同比高增，看好公司氟化工产业链一体化布局-250624,事件1：2025年4月28日，三美股份发布2024年年报。公司2024年收入为40.40亿元，同比上升21.17%；归母净利润为7.79亿元，同比上升178.40%；扣非归母净...,肖亚平,买入,5,2025-06-24,ljx****xx,5,2025-06-29 01:10:19,,
投研资讯,天风证券-金禾实业-002597-一季度业绩表现突出，三氯价格低位已翻倍-250624,事件：金禾实业发布2024年年度报告，2024年实现营业收入53.03亿元，同比-0.1%，实现归母净利润5.57亿元，同比-20.9%；其中Q4实现营业收入12.61亿元，同...,郭建奇，唐婕，张峰,买入,3,2025-06-24,so***a,5,2025-06-29 01:10:19,,
投研资讯,长城证券-金风科技-002202-整机龙头盈利改善持续向上，深耕细作两海市场丰收在望-250624,风电整机商龙头强者恒强，穿越周期盈利改善向上。公司作为风电行业整机龙头，国内新增风电装机连续14年排名第一，全球新增风电装机连续三年排名第一。以风机及零部件制造+风电场开发+风...,于夕朦，王泽雷,买入,36,2025-06-24,bon****01,5,2025-06-29 01:10:19,,
投研资讯,华鑫证券-宗申动力-001696-公司动态研究报告：航空动力与新能源双轮驱动，高端制造升级构筑成长基础-250624,"▌低空业务系统集成+国际认证构筑成长双引擎
　　宗申动力子公司宗申航发作为国内稀缺的民营航空发动机高新技术企业，深度卡位旋翼/固定翼通航飞机及无人机动力系统赛道。公司锚定“中国...",尤少炜,买入（首次）,5,2025-06-24,yue****15,5,2025-06-29 01:10:19,,
投研资讯,中邮证券-源杰科技-688498-数据中心CW硅光光源、EML产品加速放量-250624,"投资要点
　　光模块市场快速扩张，拉动CW硅光光源芯片、EML芯片等需求。随着人工智能的快速发展，模型性能提高，需要大量算力，导致对光器件的需求、能力的增加。在这样的背景下，数...",吴文吉,买入,5,2025-06-24,wan****gx,5,2025-06-29 01:10:19,,
投研资讯,群益证券-拓斯达-300607-投身具身智能领域，静待公司业务结构改善-250624,"结论与建议：
　　公司深耕工业机器人、五轴数控机床等设备领域，凭借在高端制造领域的深厚积累，积极投身具身智能赛道，与华为合作推出基于鲲鹏+openEuler的智能机器人控制平台...",赵旭东,买进,3,2025-06-24,闾**林,5,2025-06-29 01:10:19,,
投研资讯,中邮证券-皖新传媒-601801-业绩稳中有增，持续践行高分红-250624,"事件回顾
　　2025年4月12日，公司发布2024年年报，2024年公司实现营业收入107.49亿元，同比减少4.40%；归母净利润7.05亿元，同比减少24.67%；扣非后...",王晓萱,买入,5,2025-06-24,zha****27,5,2025-06-29 01:10:19,,
投研资讯,德邦证券-鼎捷数智-300378-重磅发布AI软基建套件，Agent落地加速时刻-250624,"事件。6月19日，鼎捷数智于武汉举办2025（第四届）数智未来峰会，以“AI创变·破界生长”为主题，重磅发布AI软基建套件，打造AI创新应用成功范式。
　　鼎捷创新研发AI软基...",陈涵泊,买入,3,2025-06-24,362****00,5,2025-06-29 01:10:19,,
投研资讯,光大证券-元力股份-300174-公告点评：2025年度员工持股计划对应回购完成，公司中长期投资价值逐步凸显-250624,事件：2025年6月17日，公司收到中国登记结算有限责任公司深圳分公司出具的《证券过户登记确认书》，2025年员工持股计划已通过非交易过户方式，以14.83元/股的价格受让公司...,王招华，戴默,买入,3,2025-06-24,fyu****iu,5,2025-06-29 01:10:19,,
投研资讯,光大证券-阿科力-603722-公告点评：发布限制性股票激励计划，COC/COP产品即将批量化销售-250624,事件：6月23日晚，公司发布《2025年限制性股票激励计划（草案）》。公司拟向22名激励对象授予限制性股票203万股，激励对象包括公司董事、高级管理人员、核心技术（生产）人员、...,赵乃迪，周家诺,增持,3,2025-06-24,teng******guo,5,2025-06-29 01:10:19,,
投研资讯,开源证券-鼎捷数智-300378-公司信息更新报告：公司举办数智未来峰会，AI赋能打开成长空间-250624,"智能制造领军厂商，维持“买入”评级
　　公司是国内领先的数智化转型与智能制造整合规划方案服务提供商，有望持续受益下游景气复苏和出海机遇，AI打开成长空间，我们维持原有盈利预测，...",陈宝健，李海强,买入,4,2025-06-24,118****00,5,2025-06-29 01:10:19,,
投研资讯,西南证券-百济神州-688235-生物科技出海明星，2025年迎来蝶变-250622,推荐逻辑：1）泽布替尼出海标杆，2024年收入26亿美元(+105%)，预计全球销售额有望持续增长。2）在研Bcl-2i和BTKCDAC于2025年迎来多项催化事件，未来依托泽...,杜向阳，王彦迪,买入（首次）,30,2025-06-24,leo****ls,5,2025-06-29 01:10:19,,
投研资讯,光大证券-芯海科技-688595-跟踪报告之四：下游需求回暖，出货量逐步提升-250624,芯海科技是一家集感知、计算、控制、连接于一体的全信号链芯片设计企业，专注于高精度ADC、高性能MCU、测量算法、物联网一站式解决方案以及AI的研发与设计。公司自从2019年起从...,刘凯，孙啸，黄筱茜,买入,3,2025-06-24,lia****ng,5,2025-06-29 01:10:19,,
投研资讯,民生证券-物产环能-603071-首次覆盖报告：煤炭贸易为基，热电联产扶摇直上-250624,“煤炭贸易+热电联产”双轮驱动。物产环能实际控制人为浙江省国资委，作为国家发改委首批电煤保供重点贸易企业，构建了涵盖煤炭供应链、热电联产与新能源开发的三大业务板块，与国内核心煤...,邓永康，黎静,推荐（首次）,20,2025-06-24,bafe******765,5,2025-06-29 01:10:19,,
最新买入,华鑫证券-伊之密-300415-公司动态研究报告：技术双引擎驱动装备升级，全球化战略稳步推进-250628,,,买入（首次）,,,,1,2025-06-29 01:10:24,公司调研,2025-06-28
最新买入,天风证券-中粮科技-000930-国内玉米深加工龙头，红利价值随业绩改善凸显-250628,,,买入（首次）,,,,1,2025-06-29 01:10:24,公司调研,2025-06-28
最新买入,光大证券-游戏行业跟踪研究报告：25M5行业维持较高景气度，展望暑期重点新品密集进展-250627,,,买入,,,,1,2025-06-29 01:10:24,行业分析,2025-06-27
最新买入,开源证券-同力股份-834599-北交所公司深度报告：新能源与无人驾驶技术赋能高毛利新品，矿卡龙头打开增长空间-250624,,,买入,,,,1,2025-06-29 01:10:24,公司调研,2025-06-27
最新买入,华鑫证券-德马科技-688360-公司事件点评报告：智能物流装备领先企业，机器人业务布局不断完善-250627,,,买入（首次）,,,,1,2025-06-29 01:10:24,公司调研,2025-06-27
最新买入,华鑫证券-美利信-301307-公司动态研究报告：业绩短期承压，多轮驱动中长期成长-250627,,,买入（首次）,,,,1,2025-06-29 01:10:24,公司调研,2025-06-27
最新买入,光大证券-美好医疗-301363-更新点评：业绩有望逐步改善，期待新业务拓展潜力-250627,,,买入,,,,1,2025-06-29 01:10:24,公司调研,2025-06-27
最新买入,开源证券-影石创新-688775-公司首次覆盖报告：全景智能影像设备龙头，技术护航+产品创新驱动成长-250627,,,买入（首次）,,,,1,2025-06-29 01:10:24,公司调研,2025-06-27
最新买入,中邮证券-海泰新光-688677-海外库存消化拐点已至，未雨绸缪化解关税风险-250627,,,买入,,,,1,2025-06-29 01:10:24,公司调研,2025-06-27
最新买入,长城证券-森麒麟-002984-行业景气度提升推动公司全年业绩增长，看好公司品牌力提升与全球化布局-250627,,,买入,,,,1,2025-06-29 01:10:24,公司调研,2025-06-27
最新买入,天风证券-江河集团-601886-中标多个沙特地标项目，“出海”铸就增长新引擎-250627,,,买入,,,,1,2025-06-29 01:10:24,公司调研,2025-06-27
最新买入,光大证券-联影医疗-688271-事件点评：股权激励彰显长期发展信心，设备更新有望带来业绩改善-250627,,,买入,,,,1,2025-06-29 01:10:24,公司调研,2025-06-27
最新买入,华鑫证券-三花智控-002050-公司事件点评报告：主业筑牢基本盘，业绩增长稳健-250627,,,买入（首次）,,,,1,2025-06-29 01:10:24,公司调研,2025-06-27
最新买入,华鑫证券-海力风电-301155-公司动态研究报告：海风建设加速，公司交付有望放量-250627,,,买入（首次）,,,,1,2025-06-29 01:10:24,公司调研,2025-06-27
最新买入,光大证券-计算机行业稳定币专题报告之一：意在重构全球支付体系，稳定币或将成为人民币国际化的链上支点-250627,,,买入,,,,1,2025-06-29 01:10:24,行业分析,2025-06-27
最新买入,中邮证券-鹏鼎控股-002938-卡位AI浪潮，业绩稳健增长-250627,,,买入,,,,1,2025-06-29 01:10:24,公司调研,2025-06-27
最新买入,国金证券-宁波华翔-002048-剥离欧洲轻装行，布局机器人启新篇-250626,,,买入（首次）,,,,1,2025-06-29 01:10:24,公司调研,2025-06-27
最新买入,山西证券-三花智控-002050-业绩预告靓丽，港股IPO顺利发行-250627,,,买入-A（首次）,,,,1,2025-06-29 01:10:24,公司调研,2025-06-27
最新买入,长城证券-永和股份-605020-制冷剂进入长景气周期，关注公司含氟高分子材料及精细化学品布局-250627,,,买入,,,,1,2025-06-29 01:10:24,公司调研,2025-06-27
最新买入,华安证券-弘景光电-301479-新兴消费电子时代，光学创新大有可为-250625,,,买入（首次）,,,,1,2025-06-29 01:10:24,公司调研,2025-06-27
最新买入,中航证券-小商品城-600415-“六区”招商超预期，跨境金融打造第二增长极-250625,,,买入,,,,1,2025-06-29 01:10:24,公司调研,2025-06-27
最新买入,东吴证券-晶盛机电-300316-成功备案60万片8英寸衬底产能，有望受益8英寸衬底产业化-250626,,,买入,,,,1,2025-06-29 01:10:24,公司调研,2025-06-26
最新买入,中邮证券-裕太微-688515-七大产品线形成框架，研发投入步入收获期-250626,,,买入,,,,1,2025-06-29 01:10:24,公司调研,2025-06-26
最新买入,国金证券-光伏行业月度跟踪：产业链价格持续承压，抢装高潮后需求转向海外市场-250624,,,买入,,,,1,2025-06-29 01:10:24,行业分析,2025-06-26
最新买入,西南证券-力盛体育-002858-公司回购股份达1%，彰显长期发展信心-250626,,,买入,,,,1,2025-06-29 01:10:24,公司调研,2025-06-26
最新买入,国联民生证券-稳健医疗-300888-公司深度：品牌向上，医疗+消费高质成长-250626,,,买入（首次）,,,,1,2025-06-29 01:10:24,公司调研,2025-06-26
最新买入,中邮证券-南亚新材-688519-高端产品放量驱动盈利高增，全球化布局深化成长动能-250626,,,买入（首次）,,,,1,2025-06-29 01:10:24,公司调研,2025-06-26
最新买入,东吴证券-浙江荣泰-603119-收购金力传动15%股权，进军微型传动模组领域-250626,,,买入,,,,1,2025-06-29 01:10:24,公司调研,2025-06-26
最新买入,中邮证券-学大教育-000526-个性化教育稳定增长，多元拓展丰富盈利结构-250626,,,买入（首次）,,,,1,2025-06-29 01:10:24,公司调研,2025-06-26
最新买入,中邮证券-立高食品-300973-产品与渠道深耕驱动增长，成本管控优化盈利-250626,,,买入,,,,1,2025-06-29 01:10:24,公司调研,2025-06-26
最新买入,开源证券-金诚信-603979-公司首次覆盖报告：矿服资源协同作战，铜矿业务快速成长-250625,,,买入（首次）,,,,1,2025-06-29 01:10:24,公司调研,2025-06-26
最新买入,开源证券-巨人网络-002558-公司首次覆盖报告：IP为盾，锐意创新，老牌游戏龙头再启航-250625,,,买入（首次）,,,,1,2025-06-29 01:10:24,公司调研,2025-06-26
最新买入,天风证券-南极光-300940-技术为擎，驱动广阔成长空间-250626,,,买入（首次）,,,,1,2025-06-29 01:10:24,公司调研,2025-06-26
最新买入,华西证券-康冠科技-001308-智能电视及交互显示业务稳健，创新类显示业务打造新增长极-250626,,,买入（上调）,,,,1,2025-06-29 01:10:24,公司调研,2025-06-26
最新买入,华鑫证券-广大特材-688186-公司事件点评报告：半年度业绩预增，齿轮箱零部件和海风铸件增量显著-250625,,,买入（首次）,,,,1,2025-06-29 01:10:24,公司调研,2025-06-26
最新买入,华福证券-稳健医疗-300888-从韩国卫生巾事件看稳健品牌价值-250625,,,买入,,,,1,2025-06-29 01:10:24,公司调研,2025-06-25
最新买入,中航证券-中科金财-002657-金融科技主业筑基，AI+区块链双轮驱动-250624,,,买入（首次）,,,,1,2025-06-29 01:10:24,公司调研,2025-06-25
最新买入,华福证券-锡业股份-000960-2024年报&2025一季报点评：24年产量持续攀升，25Q1盈利能力提升-250625,,,买入,,,,1,2025-06-29 01:10:24,公司调研,2025-06-25
最新买入,东海证券-恒玄科技-688608-公司深度报告：高制程打造长期壁垒，端侧AI布局多条成长路径-250625,,,买入（首次）,,,,1,2025-06-29 01:10:24,公司调研,2025-06-25
最新买入,东吴证券-民生健康-301507-百年同春，福泽民生-250625,,,买入（首次）,,,,1,2025-06-29 01:10:24,公司调研,2025-06-25
最新买入,中邮证券-香农芯创-300475-受益于DDR4涨价分销盈利能力改善，自研企业级存储模组进展顺利-250625,,,买入,,,,1,2025-06-29 01:10:24,公司调研,2025-06-25
最新买入,华安证券-慕思股份-001323-聚焦床垫主业，引领智慧睡眠趋势-250615,,,买入（首次）,,,,1,2025-06-29 01:10:24,公司调研,2025-06-25
最新买入,东方证券-北摩高科-002985-起落架批产交付，民航刹车市场持续拓展，应收账款问题有望改善-250625,,,买入,,,,1,2025-06-29 01:10:24,公司调研,2025-06-25
最新买入,中邮证券-工业富联-601138-AI服务器增长强劲-250625,,,买入,,,,1,2025-06-29 01:10:24,公司调研,2025-06-25
最新买入,群益证券-歌尔股份-002241-AI眼镜新品频出，声光电龙头估值具备吸引力-250625,,,买入,,,,1,2025-06-29 01:10:24,公司调研,2025-06-25
最新买入,德邦证券-中国石化-600028-业绩环比显著改善，高分红彰显长期价值-250625,,,买入（首次）,,,,1,2025-06-29 01:10:24,公司调研,2025-06-25
最新买入,长城证券-鼎捷数智-300378-未来峰会绘制AI赋能产业新图景-250625,,,买入,,,,1,2025-06-29 01:10:24,公司调研,2025-06-25
最新买入,长城证券-巨化股份-600160-制冷剂行业进入长景气周期，看好公司行业龙头地位-250624,,,买入,,,,1,2025-06-29 01:10:24,公司调研,2025-06-25
最新买入,中邮证券-广合科技-001389-数字化推动提产增效，经营业绩稳步提升-250625,,,买入（首次）,,,,1,2025-06-29 01:10:24,公司调研,2025-06-25
最新买入,东吴证券-三花智控-002050-25年半年报预告点评：Q2业绩预告超预期，人形静待量产节奏提速-250625,,,买入,,,,1,2025-06-29 01:10:24,公司调研,2025-06-25
最新买入,华金证券-佳电股份-000922-深度报告：工业特种电机龙头，核电业务进入收获期-250622,,,买入（首次）,,,,2,2025-06-29 01:10:25,公司调研,2025-06-25
最新买入,中邮证券-中科蓝讯-688332-WiFi芯片加速落地-250624,,,买入,,,,2,2025-06-29 01:10:25,公司调研,2025-06-24
最新买入,天风证券-万达电影-002739-“超级娱乐空间”战略深化，业务协同赋能非票收入-250624,,,买入,,,,2,2025-06-29 01:10:25,公司调研,2025-06-24
最新买入,华鑫证券-东方电热-300217-公司动态研究报告：合作上海织识，进军机器人电子皮肤-250624,,,买入（首次）,,,,2,2025-06-29 01:10:25,公司调研,2025-06-24
最新买入,中邮证券-京北方-002987-数字货币先行者，技术卡位优势明显-250624,,,买入（首次）,,,,2,2025-06-29 01:10:25,公司调研,2025-06-24
最新买入,光大证券-机械行业海关总署出口月报（十二）：5月向北美地区出口同比降温明显，工程机械品类出口保持高景气度-250624,,,买入,,,,2,2025-06-29 01:10:25,行业分析,2025-06-24
最新买入,长城证券-三美股份-603379-行业格局向好，公司业绩同比高增，看好公司氟化工产业链一体化布局-250624,,,买入,,,,2,2025-06-29 01:10:25,公司调研,2025-06-24
最新买入,天风证券-金禾实业-002597-一季度业绩表现突出，三氯价格低位已翻倍-250624,,,买入,,,,2,2025-06-29 01:10:25,公司调研,2025-06-24
最新买入,长城证券-金风科技-002202-整机龙头盈利改善持续向上，深耕细作两海市场丰收在望-250624,,,买入,,,,2,2025-06-29 01:10:25,公司调研,2025-06-24
最新买入,华鑫证券-宗申动力-001696-公司动态研究报告：航空动力与新能源双轮驱动，高端制造升级构筑成长基础-250624,,,买入（首次）,,,,2,2025-06-29 01:10:25,公司调研,2025-06-24
最新买入,中邮证券-源杰科技-688498-数据中心CW硅光光源、EML产品加速放量-250624,,,买入,,,,2,2025-06-29 01:10:25,公司调研,2025-06-24
最新买入,光大证券-工程机械行业2025年5月月报：5月挖掘机内销短期承压，国际化趋势支撑整体销量持续增长-250624,,,买入,,,,2,2025-06-29 01:10:25,行业分析,2025-06-24
最新买入,中邮证券-皖新传媒-601801-业绩稳中有增，持续践行高分红-250624,,,买入,,,,2,2025-06-29 01:10:25,公司调研,2025-06-24
最新买入,德邦证券-鼎捷数智-300378-重磅发布AI软基建套件，Agent落地加速时刻-250624,,,买入,,,,2,2025-06-29 01:10:25,公司调研,2025-06-24
最新买入,光大证券-元力股份-300174-公告点评：2025年度员工持股计划对应回购完成，公司中长期投资价值逐步凸显-250624,,,买入,,,,2,2025-06-29 01:10:25,公司调研,2025-06-24
最新买入,开源证券-鼎捷数智-300378-公司信息更新报告：公司举办数智未来峰会，AI赋能打开成长空间-250624,,,买入,,,,2,2025-06-29 01:10:25,公司调研,2025-06-24
最新买入,西南证券-百济神州-688235-生物科技出海明星，2025年迎来蝶变-250622,,,买入（首次）,,,,2,2025-06-29 01:10:25,公司调研,2025-06-24
最新买入,光大证券-芯海科技-688595-跟踪报告之四：下游需求回暖，出货量逐步提升-250624,,,买入,,,,2,2025-06-29 01:10:25,公司调研,2025-06-24
最新买入,国金证券-石油化工行业点评：中东伊以冲突持续升温，霍尔木兹海峡对原油市场影响巨大-250622,,,买入,,,,2,2025-06-29 01:10:25,行业分析,2025-06-24
最新买入,东吴证券-厦钨新能-688778-核心业务稳步增长，硫化锂打造固态电池核心壁垒-250623,,,买入（首次）,,,,2,2025-06-29 01:10:25,公司调研,2025-06-23
最新买入,光大证券-机械行业周报2025年第25周：Optimus机器人将迎重大改进，叉车5月内外销增速表现亮眼-250623,,,买入,,,,2,2025-06-29 01:10:25,行业分析,2025-06-23
最新买入,国投证券-鼎捷数智-300378-举办数智未来峰会，多款AI套件发布-250623,,,买入-A,,,,2,2025-06-29 01:10:25,公司调研,2025-06-23
最新买入,华西证券-山外山-688410-国产血净设备龙头，全产业链布局驱动增长-250620,,,买入（首次）,,,,2,2025-06-29 01:10:25,公司调研,2025-06-23
最新买入,国元证券-锡业股份-000960-事件点评：锡冶炼核心技术新突破，公司利润端有望持续增厚-250623,,,买入,,,,2,2025-06-29 01:10:25,公司调研,2025-06-23
最新买入,国金证券-氢能与燃料电池行业研究月报：5月燃料电池汽车产销承压，国家能源局开展氢能试点工作-250622,,,买入,,,,2,2025-06-29 01:10:25,行业分析,2025-06-23
最新买入,华安证券-泰凌微-688591-全球无线连接一流企业，端侧AI持续发力-250620,,,买入（首次）,,,,2,2025-06-29 01:10:25,公司调研,2025-06-23
最新买入,中邮证券-南芯科技-688484-推出190V压电驱动芯片，推动移动智能终端散热变革-250622,,,买入,,,,2,2025-06-29 01:10:25,公司调研,2025-06-22
最新买入,天风证券-倍加洁-603059-内生拓品类，外延赋能成长-250622,,,买入,,,,2,2025-06-29 01:10:25,公司调研,2025-06-22
最新买入,开源证券-众生药业-002317-公司首次覆盖报告：夯实中药根基，创新转型乘风破浪未来可期-250622,,,买入（首次）,,,,2,2025-06-29 01:10:25,公司调研,2025-06-22
最新买入,光大证券-电新公用环保行业周报：持续看好风电整机、固态电池板块，关注光伏“防内卷”后续政策-250622,,,买入,,,,2,2025-06-29 01:10:25,行业分析,2025-06-22
最新买入,华鑫证券-澳弘电子-605058-公司动态研究报告：任天堂Swtich 2销量超预期，AI算力催动高端PCB需求-250622,,,买入（首次）,,,,2,2025-06-29 01:10:25,公司调研,2025-06-22
最新买入,国金证券-轻工造纸行业周报：重视新型烟草回调布局机遇，持续推荐潮玩龙头-250622,,,买入,,,,2,2025-06-29 01:10:25,行业分析,2025-06-22
最新买入,国金证券-商贸零售行业周报：永辉进入规模化调改阶段，618电商全域协同趋势明显-250622,,,买入（首次）,,,,2,2025-06-29 01:10:25,行业分析,2025-06-22
最新买入,国金证券-医药健康行业周报：积极把握创新药调整机会-250622,,,买入,,,,2,2025-06-29 01:10:25,行业分析,2025-06-22
最新买入,国金证券-农林牧渔行业周报：出栏体重下降，重视生猪板块投资机会-250622,,,买入,,,,2,2025-06-29 01:10:25,行业分析,2025-06-22
最新买入,国金证券-信息技术产业行业周报：AI眼镜新品迭出，ASIC渗透提速推升PCB、光模块用量-250622,,,买入,,,,2,2025-06-29 01:10:25,行业分析,2025-06-22
最新买入,国金证券-纺织品和服装行业周报：618国牌美护表现亮眼；伯希和拟上市有望提振户外板块情绪-250622,,,买入,,,,2,2025-06-29 01:10:25,行业分析,2025-06-22
最新买入,国金证券-计算机行业周报：MiniMax开源MiniMax~M1，Midjourney发布视频生成模型V1-250622,,,买入,,,,2,2025-06-29 01:10:25,行业分析,2025-06-22
最新买入,国金证券-传媒互联网产业行业周报：法律框架逐步完善，虚拟资产趋势向上-250622,,,买入,,,,2,2025-06-29 01:10:25,行业分析,2025-06-22
最新买入,国金证券-非金属建材行业周观点：继续推荐AI电子布和非洲建材，关注珠光颜料携手涂料龙头战略合作-250622,,,买入,,,,2,2025-06-29 01:10:25,行业分析,2025-06-22
最新买入,国金证券-非银行金融行业周报：证监会推一揽子深化科创改革举措，创投行业有望受益-250622,,,买入,,,,2,2025-06-29 01:10:25,行业分析,2025-06-22
最新买入,国金证券-机械行业周报：看好核聚变、海洋经济及叉车-250622,,,买入,,,,2,2025-06-29 01:10:25,行业分析,2025-06-22
最新买入,国金证券-家电行业周报：国补接续确定，资金将于7月、10月分批下达-250622,,,买入,,,,2,2025-06-29 01:10:25,行业分析,2025-06-22
最新买入,国金证券-纺织品和服装行业研究周报：618国牌美护表现亮眼；伯希和拟上市有望提振户外板块情绪-250622,,,买入,,,,2,2025-06-29 01:10:25,行业分析,2025-06-22
最新买入,中邮证券-北化股份-002246-硝化棉需求增长供给收缩，公司业绩拐点确立-250622,,,买入（首次）,,,,2,2025-06-29 01:10:25,公司调研,2025-06-22
最新买入,光大证券-农林牧渔行业周报：“618”战报出炉，宠物消费同比高增-250622,,,买入,,,,2,2025-06-29 01:10:25,行业分析,2025-06-22
最新买入,东吴证券-海天瑞声-688787-AI数据领军企业，全球化布局打造第二成长曲线-250622,,,买入（首次）,,,,2,2025-06-29 01:10:25,公司调研,2025-06-22
最新买入,国金证券-具身智能行业周报：华为发布CloudRobo具身智能平台，Robotaxi板块持续催化-250621,,,买入,,,,2,2025-06-29 01:10:25,行业分析,2025-06-22
最新买入,国金证券-交通运输产业行业周报：顺丰业务量增速领跑，油运景气加速向上-250621,,,买入,,,,2,2025-06-29 01:10:25,行业分析,2025-06-22
最新买入,国金证券-电力设备与新能源行业周报：江苏海风项目加速推进，固态电池产业化持续迈进，关注整车复苏-250622,,,买入,,,,2,2025-06-29 01:10:25,行业分析,2025-06-22
最新买入,东吴证券-天士力-600535-中药现代化领军企业，华润入主，厚积薄发-250622,,,买入（首次）,,,,3,2025-06-29 01:10:27,公司调研,2025-06-22
最新买入,光大证券-批发和零售贸易行业2025年“618”数据点评：大促平稳收官，即时零售热度抬升-250622,,,买入,,,,3,2025-06-29 01:10:27,行业分析,2025-06-22
最新买入,华金证券-恺英网络-002517-出海表现优异，多款新品助力矩阵完善-250620,,,买入,,,,3,2025-06-29 01:10:27,公司调研,2025-06-22
最新买入,开源证券-富士达-835640-北交所公司深度报告：深耕国内射频连接器，技术领先+航天突破+产能释放驱动新成长构筑三维优势-250621,,,买入,,,,3,2025-06-29 01:10:27,公司调研,2025-06-22
最新买入,天风证券-金风科技-002202-风机制造与风场运营双轮驱动，风机制造盈利迎来拐点-250622,,,买入（首次）,,,,3,2025-06-29 01:10:27,公司调研,2025-06-22
最新买入,国金证券-有色金属行业周报：刚果金再延3月钴出口禁令，价格或迎来上涨-250622,,,买入,,,,3,2025-06-29 01:10:27,行业分析,2025-06-22
最新买入,国金证券-基础化工行业周报：奥升德有序关闭中国己二胺工厂，涨价方向有望继续-250621,,,买入,,,,3,2025-06-29 01:10:27,行业分析,2025-06-22
最新买入,国金证券-食品饮料行业周报：餐饮链情绪环比改善，持续关注结构景气主线-250621,,,买入,,,,3,2025-06-29 01:10:27,行业分析,2025-06-22
最新买入,国金证券-房地产行业周报：上海土拍热度分化，地产数据等待底部回升-250622,,,买入,,,,3,2025-06-29 01:10:27,行业分析,2025-06-22
最新买入,国金证券-公用事业及环保产业行业研究周报：5月全社会用电增长4.4%，二产用电增速2.1%-250621,,,买入,,,,3,2025-06-29 01:10:27,行业分析,2025-06-22
最新买入,东方证券-广电运通-002152-动态跟踪：广电运通坚持“AI in all”战略-250621,,,买入,,,,3,2025-06-29 01:10:27,公司调研,2025-06-22
最新买入,天风证券-中岩大地-003001-转型国家重大战略领域，岩土工程发展迎新机-250621,,,买入（首次）,,,,3,2025-06-29 01:10:27,公司调研,2025-06-21
今日热门,国信证券-电力设备新能源行业锂电产业链双周评（6月第2期）：固态电池产业化持续加速，消费电池掺硅比例稳步提升-250628,,,优于大市,,,,1,2025-06-29 01:10:33,行业分析,2025-06-28
今日热门,天风证券-中粮科技-000930-国内玉米深加工龙头，红利价值随业绩改善凸显-250628,,,买入（首次）,,,,1,2025-06-29 01:10:33,公司调研,2025-06-28
今日热门,国信证券-通信行业2025年7月投资策略：互联网云厂重视ASIC自研芯片投入，AI算力高景气度延续-250628,,,优于大市,,,,1,2025-06-29 01:10:33,行业分析,2025-06-28
今日热门,民生证券-芯原股份-688521-事件点评：ASIC龙头定增落地，产业资本踊跃认购-250628,,,推荐,,,,1,2025-06-29 01:10:33,公司调研,2025-06-28
今日热门,国信证券-电力设备新能源行业海上风电专题研究之四：十五五国内海风开发稳步推进，欧洲和日韩海风蓄势待发-250628,,,优于大市,,,,1,2025-06-29 01:10:33,行业分析,2025-06-28
今日热门,东方证券-东方战略观察：伊以冲突走向缓和，全球风险偏好提升-250628,,,,,,,1,2025-06-29 01:10:33,宏观经济,2025-06-28
今日热门,东吴证券-每周主题、产业趋势交易复盘和展望：“科技自立自强”，重视自主可控-250628,,,,,,,1,2025-06-29 01:10:33,投资策略,2025-06-28
今日热门,InfoQ研究中心-人工智能行业：中国大模型落地应用研究报告2025-250628,,,,,,,1,2025-06-29 01:10:33,行业分析,2025-06-28
今日热门,华鑫证券-伊之密-300415-公司动态研究报告：技术双引擎驱动装备升级，全球化战略稳步推进-250628,,,买入（首次）,,,,1,2025-06-29 01:10:33,公司调研,2025-06-28
今日热门,太平洋证券-策略日报：强弱-250627,,,,,,,1,2025-06-29 01:10:33,投资策略,2025-06-28
今日热门,光大证券-策略周专题（2025年6月第4期）：2025年上半年市场回顾，蓄势跃升-250628,,,,,,,1,2025-06-29 01:10:33,投资策略,2025-06-28
今日热门,华西证券-流动性跟踪：跨季后，逆回购到期2万亿+-250628,,,,,,,1,2025-06-29 01:10:33,宏观经济,2025-06-28
今日热门,东吴证券-策略周评：指数突破新高后，市场怎么走？-250628,,,,,,,1,2025-06-29 01:10:33,投资策略,2025-06-28
今日热门,财通证券-全球经济观察第1期：美国降息预期升温-250628,,,,,,,1,2025-06-29 01:10:33,宏观经济,2025-06-28
今日热门,嘉世咨询-2025中国低空经济行业市场现状报告-250628,,,,,,,1,2025-06-29 01:10:33,行业分析,2025-06-28
今日热门,华鑫证券-计算机行业点评报告：优步（UBER.O），战略技术攻坚筑壁垒，生态破局启新程-250627,,,推荐,,,,1,2025-06-29 01:10:33,行业分析,2025-06-28
今日热门,太平洋证券-医药行业日报：Opus老花眼眼药水MR~141三期临床成功-250627,,,看好,,,,1,2025-06-29 01:10:33,行业分析,2025-06-28
今日热门,太平洋证券-轻工行业周报（20250623~20250627）：M5电子烟出口高增，轻工企业全球化布局加速-250627,,,看好,,,,1,2025-06-29 01:10:33,行业分析,2025-06-28
今日热门,国信证券-多元资产配置系列：红利资产替代能否破局低利率？-250628,,,,,,,1,2025-06-29 01:10:33,投资策略,2025-06-28
今日热门,华金证券-七月继续震荡，风格偏均衡-250628,,,,,,,1,2025-06-29 01:10:33,投资策略,2025-06-28
今日热门,华西证券-估值周报：最新A股、港股、美股估值怎么看？-250628,,,,,,,1,2025-06-29 01:10:33,投资策略,2025-06-28
今日热门,联合资信-零售行业2025年半年度总结及展望-250628,,,,,,,1,2025-06-29 01:10:33,行业分析,2025-06-28
今日热门,红餐产业研究院-餐饮行业：粥品品类发展报告2025-250628,,,,,,,1,2025-06-29 01:10:33,行业分析,2025-06-28
今日热门,国信证券-电力设备新能源行业：风电产业链周度跟踪（6月第4周）-250628,,,优于大市,,,,1,2025-06-29 01:10:33,行业分析,2025-06-28
今日热门,国信证券-电力设备新能源行业：AIDC电力设备/电网产业链周度跟踪（6月第4周）-250628,,,优于大市,,,,1,2025-06-29 01:10:33,行业分析,2025-06-28
今日热门,财通证券-对外贸易图谱2025年第24期：对美发货量由升转降-250628,,,,,,,1,2025-06-29 01:10:33,宏观经济,2025-06-28
今日热门,华福证券-煤炭行业：日耗上升&铁水坚挺，煤价反弹开启-250628,,,强于大市,,,,1,2025-06-29 01:10:33,行业分析,2025-06-28
今日热门,落基山研究所-金属行业：推进清洁金属（英译中）-250628,,,,,,,1,2025-06-29 01:10:33,行业分析,2025-06-28
今日热门,华福证券-机械设备行业：英伟达入局核能，硅谷掀起核电投资潮-250628,,,强于大市,,,,1,2025-06-29 01:10:33,行业分析,2025-06-28
今日热门,华福证券-机械设备行业：Grok即将赋能Optimus V3，华为云首批具身智能核心伙伴亮相-250628,,,强于大市,,,,1,2025-06-29 01:10:33,行业分析,2025-06-28
今日热门,开源证券-球冠电缆-920682-北交所信息更新：持续中标国家电网项目、1项国标获准发布，2024电力电缆营收+22%-250627,,,增持,,,,1,2025-06-29 01:10:33,公司调研,2025-06-28
今日热门,民生证券-有色金属行业周报：降息预期升温，金属价格走强-250628,,,推荐,,,,1,2025-06-29 01:10:33,行业分析,2025-06-29
今日热门,落基山研究所-电动汽车行业：插电，推进印度电动汽车基础设施建设（英译中）-250628,,,,,,,1,2025-06-29 01:10:33,行业分析,2025-06-28
今日热门,民生证券-煤炭行业周报：火电增速持续转正，关注需求好转-250628,,,推荐,,,,1,2025-06-29 01:10:33,行业分析,2025-06-29
今日热门,艾瑞咨询-2025年中国电竞行业研究报告-250628,,,,,,,1,2025-06-29 01:10:33,行业分析,2025-06-28
今日热门,HERO-零食行业：零食集合店库存周转率提升方案-250628,,,,,,,1,2025-06-29 01:10:33,行业分析,2025-06-28
今日热门,太平洋证券-房地产行业日报：杭州土拍6宗地总收金151.15亿-250627,,,中性,,,,1,2025-06-29 01:10:33,行业分析,2025-06-28
今日热门,埃森哲-保险业跑赢者如何应对变化（英译中）-250628,,,,,,,1,2025-06-29 01:10:33,行业分析,2025-06-28
今日热门,国信证券-LCD行业月报：京东方拟收购彩虹光电30%股权，行业竞争格局优化-250628,,,优于大市,,,,1,2025-06-29 01:10:33,行业分析,2025-06-28
今日热门,华西证券-海外策略周报：英伟达高管月内多次减持，港股走势分化-250628,,,,,,,1,2025-06-29 01:10:33,投资策略,2025-06-28
今日热门,民生证券-钢铁行业周报：铁水维持高位，成本支撑走强-250629,,,推荐,,,,1,2025-06-29 01:10:33,行业分析,2025-06-29
今日热门,爱建证券-智能汽车行业点评：小米YU7发布即爆单，供给撬动需求-250628,,,强于大市,,,,1,2025-06-29 01:10:33,行业分析,2025-06-28
今日热门,致趣·百川-B2B行业企业微信应用洞察白皮书-250628,,,,,,,1,2025-06-29 01:10:33,行业分析,2025-06-28
今日热门,智研咨询-2025年中国润滑油行业市场供需态势及未来前景研判报告-250628,,,,,,,1,2025-06-29 01:10:33,行业分析,2025-06-28
今日热门,民生证券-电力设备及新能源行业周报：小米YU7豪华高性能SUV发布，1~5月光伏装机突破190GW-250629,,,推荐,,,,1,2025-06-29 01:10:33,行业分析,2025-06-29
今日热门,城市测量师行-房地产行业：超212亿元！第五批次集中供地收官，浦东曹路地块溢价率近42%-250628,,,,,,,1,2025-06-29 01:10:33,行业分析,2025-06-28
今日热门,城市测量师行-房地产行业：2025年5月上海土地招拍挂市场-250628,,,,,,,1,2025-06-29 01:10:33,行业分析,2025-06-28
今日热门,民生证券-教育行业2025年中报前瞻：“三维共振”助力成长，中期业绩值得期待-250626,,,推荐,,,,1,2025-06-29 01:10:33,行业分析,2025-06-29
今日热门,光大证券-可转债周报（2025年6月23日至2025年6月27日）：周内涨幅创年内至今最高-250628,,,,,,,1,2025-06-29 01:10:33,债券研究,2025-06-28
今日热门,Flywheel-2025年护肤行业新品洞察-250628,,,,,,,1,2025-06-29 01:10:33,行业分析,2025-06-28
今日热门,光大证券-固定收益信用利差数据周报-250627,,,,,,,2,2025-06-29 01:10:35,债券研究,2025-06-28
今日热门,华安证券-5月中国工业企业利润数据点评：企业韧性与政策定力-250628,,,,,,,2,2025-06-29 01:10:35,宏观经济,2025-06-28
今日热门,国金证券-信用债异常成交跟踪：6月27日信用债异常成交跟踪-250627,,,,,,,2,2025-06-29 01:10:35,债券研究,2025-06-28
今日热门,华福证券-轨交设备行业：渝厦高铁重庆东至黔江段开通运营，构建区域快速交通新枢纽-250628,,,强于大市,,,,2,2025-06-29 01:10:35,行业分析,2025-06-28
今日热门,华西证券-6月二手房销售再下台阶-250628,,,,,,,2,2025-06-29 01:10:35,债券研究,2025-06-28
今日热门,国信证券-纺织服装行业海外跟踪系列六十一：耐克管理层指引最差时间已过，2026财年有望逐季改善-250628,,,优于大市,,,,2,2025-06-29 01:10:35,行业分析,2025-06-28
今日热门,天风证券-流动性跟踪：跨季后资金面有哪些关注点？-250628,,,,,,,2,2025-06-29 01:10:35,债券研究,2025-06-28
今日热门,城市测量师行-房地产行业：数据发布，2025年6月上海市住宅价格-250628,,,,,,,2,2025-06-29 01:10:35,行业分析,2025-06-28
今日热门,财通证券-流动性｜跨季扰动结束，央行呵护会不会随之结束？-250628,,,,,,,2,2025-06-29 01:10:35,债券研究,2025-06-28
今日热门,财通证券-高频｜地产销售整体偏弱，原油价格大幅回落-250628,,,,,,,2,2025-06-29 01:10:35,债券研究,2025-06-28
今日热门,天风证券-高频经济跟踪周报：新房成交仍处季节性低位-250628,,,,,,,2,2025-06-29 01:10:35,债券研究,2025-06-28
今日热门,光大证券-REITs周度观察：二级市场价格有所回调，两只新REITs成功上市-250628,,,,,,,2,2025-06-29 01:10:35,债券研究,2025-06-28
今日热门,华福证券-转债周策略：7月十大转债—底仓转债精选-250628,,,,,,,2,2025-06-29 01:10:35,债券研究,2025-06-28
今日热门,城市测量师行-房地产行业：办公市场分析，临空区块-250628,,,,,,,2,2025-06-29 01:10:35,行业分析,2025-06-28
今日热门,城市测量师行-房地产行业：2025年5月上海商办买卖市场-250628,,,,,,,2,2025-06-29 01:10:35,行业分析,2025-06-28
今日热门,城市测量师行-房地产行业：2025年5月上海住宅买卖市场-250628,,,,,,,2,2025-06-29 01:10:35,行业分析,2025-06-28
本周热门,国信证券-互联网行业：从Circle上市，探索稳定币与交易所的合作模式-250624,,,优于大市,,,,1,2025-06-29 01:10:39,行业分析,2025-06-24
本周热门,天风证券-通信行业：全球AI蓬勃发展，持续看好AI行业作为年度投资主线-250621,,,强于大市,,,,1,2025-06-29 01:10:39,行业分析,2025-06-21
本周热门,华西证券-计算机行业稳定币+RWA：跃向数字金融3.0-250621,,,,,,,1,2025-06-29 01:10:39,行业分析,2025-06-21
本周热门,民生证券-石化行业周报：地缘冲突持续发酵，油价或高位宽幅震荡-250621,,,推荐,,,,1,2025-06-29 01:10:39,行业分析,2025-06-21
本周热门,天风证券-医药生物行业专题研究：买全球最好的中国创新药-250624,,,强于大市,,,,1,2025-06-29 01:10:39,行业分析,2025-06-24
本周热门,国信证券-银行业：香港稳定币产业链生态解析-250626,,,优于大市,,,,1,2025-06-29 01:10:39,行业分析,2025-06-26
本周热门,东吴证券-商贸零售行业跟踪周报：618节奏拉长规则简化，国货美妆高质量增长-250623,,,增持,,,,1,2025-06-29 01:10:39,行业分析,2025-06-23
本周热门,开源证券-北交所策略专题报告：2025年消费品以旧换新撬动1.1万亿，北证汽车/消费电子/家电产业链深度解析-250622,,,,,,,1,2025-06-29 01:10:39,投资策略,2025-06-22
本周热门,天风证券-计算机行业AI算力系列之交换机：算力网络稳定“核心”，助力AI高效发展-250625,,,强于大市,,,,1,2025-06-29 01:10:39,行业分析,2025-06-25
本周热门,国信证券-固态电池行业专题之二：政策推动技术进步，应用场景日益丰富-250626,,,优于大市,,,,1,2025-06-29 01:10:39,行业分析,2025-06-26
本周热门,民生证券-汽车和汽车零部件行业周报：新车型密集催化，自主高端化向上-250622,,,推荐,,,,1,2025-06-29 01:10:39,行业分析,2025-06-22
本周热门,东吴证券-丝杠行业深度报告：人形机器人催化丝杠国产化，优质企业乘势而上-250627,,,,,,,1,2025-06-29 01:10:39,行业分析,2025-06-27
本周热门,民生证券-计算机行业周报：稳定币深度研究框架-250622,,,推荐,,,,1,2025-06-29 01:10:39,行业分析,2025-06-22
本周热门,开源证券-基础化工行业点评报告：固态电池产业化进展加速，高性能材料产业化先行-250623,,,看好,,,,1,2025-06-29 01:10:39,行业分析,2025-06-23
本周热门,慧博智能投研-智能眼镜行业深度：发展历程、竞争格局、国产替代、未来趋势及相关公司深度梳理-250623,,,,,,,1,2025-06-29 01:10:39,行业分析,2025-06-23
本周热门,东吴证券-厦钨新能-688778-核心业务稳步增长，硫化锂打造固态电池核心壁垒-250623,,,买入（首次）,,,,1,2025-06-29 01:10:39,公司调研,2025-06-23
本周热门,天风证券-机械设备行业：灵巧手深度梳理——指尖跃动无垠星河，巧手编织璀璨经纬-250623,,,强于大市,,,,1,2025-06-29 01:10:39,行业分析,2025-06-23
本周热门,民生证券-计算机行业2025年中期投资策略：AI应用与金融科技的新时代-250623,,,推荐,,,,1,2025-06-29 01:10:39,行业分析,2025-06-23
本周热门,华西证券-类权益周报：地缘冲突的涟漪-250622,,,,,,,1,2025-06-29 01:10:39,宏观经济,2025-06-22
本周热门,东吴证券-计算机行业深度报告：从监管视角看中国稳定币未来发展-250625,,,增持,,,,1,2025-06-29 01:10:39,行业分析,2025-06-25
本周热门,开源证券-化工行业周报：硫化锂为固态电池电解质主流量产趋势，瓶片宣布联合减产后价格有所上扬-250622,,,看好,,,,1,2025-06-29 01:10:39,行业分析,2025-06-23
本周热门,东吴证券-汽车行业AI+汽车智能化系列之十三：小米汽车核心竞争力剖析-250625,,,,,,,1,2025-06-29 01:10:39,行业分析,2025-06-25
本周热门,国金证券-可选消费行业中期策略报告：新消费创造成长主线，结构性牛市曙光已现-250625,,,,,,,1,2025-06-29 01:10:39,行业分析,2025-06-25
本周热门,财通证券-全球大类资产策略：AH是大类更优选-250625,,,,,,,1,2025-06-29 01:10:39,投资策略,2025-06-25
本周热门,国金证券-计算机行业2025年中期策略：看好AI产业链及应用落地-250625,,,,,,,1,2025-06-29 01:10:39,行业分析,2025-06-26
本周热门,万联证券-电力设备行业深度报告：固态电池设备关键环节，前中段引领突破-250626,,,强于大市,,,,1,2025-06-29 01:10:39,行业分析,2025-06-26
本周热门,国金证券-商贸零售行业中期策略：海外看好跨境电商，国内看好新消费beta-250622,,,,,,,1,2025-06-29 01:10:39,行业分析,2025-06-23
本周热门,金元证券-通信行业深度报告：光通信，AI算力中心的神经网络-250624,,,增持（首次）,,,,1,2025-06-29 01:10:39,行业分析,2025-06-27
本周热门,财通证券-蓄力新高——聚焦龙头化、国产化、全球化-250622,,,,,,,1,2025-06-29 01:10:39,投资策略,2025-06-22
本周热门,国投证券-下半年的A股：三种猜想-250622,,,,,,,1,2025-06-29 01:10:39,投资策略,2025-06-22
本周热门,开源证券-固态电池行业周报（第二期）：铁基集流体是固态电池新技术方向，固态电池设备密集交付-250621,,,看好,,,,1,2025-06-29 01:10:39,行业分析,2025-06-22
本周热门,民生证券-金属行业2025年中期投资策略系列报告之小金属&新材料篇：战略金属重新定价，新材料迭代创机遇-250621,,,推荐,,,,1,2025-06-29 01:10:39,行业分析,2025-06-21
本周热门,五矿证券-半导体材料行业系列报告之一：国际形式严峻，国产半导体材料行业如何发展-250626,,,看好,,,,1,2025-06-29 01:10:39,行业分析,2025-06-26
本周热门,国金证券-军工行业2025年度中期策略：内销外贸景气双升，军工资产价值重估-250618,,,,,,,1,2025-06-29 01:10:39,行业分析,2025-06-23
本周热门,光大证券-汽车智驾行业的思考与梳理（四）：Robotaxi加速落地，智驾精进前行-250623,,,,,,,1,2025-06-29 01:10:39,行业分析,2025-06-23
本周热门,华西证券-计算机行业跟踪：稳定币，重塑跨境支付格局-250622,,,推荐,,,,1,2025-06-29 01:10:39,行业分析,2025-06-22
本周热门,东吴证券-物联网模组行业深度报告：深度受益于终端智能化-250623,,,,,,,1,2025-06-29 01:10:39,行业分析,2025-06-23
本周热门,东吴证券-电力设备行业跟踪周报：固态电池产业化全面提速，特斯拉人形方案调整不改产业趋势-250622,,,增持,,,,1,2025-06-29 01:10:39,行业分析,2025-06-22
本周热门,申港证券-电力设备行业研究周报：全固态电池产业化前景渐明-250623,,,增持,,,,1,2025-06-29 01:10:39,行业分析,2025-06-24
本周热门,国金证券-电子行业中期策略：GB200/300与ASCI需求共振，继续看好Ai~PCB及核心算力硬件-250624,,,,,,,1,2025-06-29 01:10:39,行业分析,2025-06-25
本周热门,国金证券-海外2025中期策略：稳定币跑步入场，虚拟资产趋势已成-250622,,,,,,,1,2025-06-29 01:10:39,投资策略,2025-06-23
本周热门,慧博智能投研-RWA行业深度：市场现状、发展展望、产业链及相关企业深度梳理-250627,,,,,,,1,2025-06-29 01:10:39,行业分析,2025-06-27
本周热门,慧博智能投研-无人物流行业深度：驱动因素、行业现状、产业链及相关公司深度梳理-250623,,,,,,,1,2025-06-29 01:10:39,行业分析,2025-06-23
本周热门,东海证券-机械设备行业：人形机器人推动丝杠需求，国内厂商突破量产壁垒-250624,,,,,,,1,2025-06-29 01:10:39,行业分析,2025-06-24
本周热门,天风证券-5月半导体行业总结及3季度展望：持续重点看好存储板块-250624,,,强于大市,,,,1,2025-06-29 01:10:39,行业分析,2025-06-24
本周热门,财通证券-宏观点评：消费政策的三个变化-250625,,,,,,,1,2025-06-29 01:10:39,宏观经济,2025-06-25
本周热门,东方证券-电子行业深度报告：部分存储涨价，AI和国产化驱动行业增长-250621,,,看好,,,,1,2025-06-29 01:10:39,行业分析,2025-06-21
本周热门,东吴证券-人形机器人行业深度报告：灵巧手持续迭代，关注技术路线收敛中的边际增量-250627,,,,,,,1,2025-06-29 01:10:39,行业分析,2025-06-27
本周热门,国金证券-宏观经济点评报告：对当前政策的判断-250625,,,,,,,1,2025-06-29 01:10:39,宏观经济,2025-06-26
本周热门,国投证券-眼下：确也有点像2019了-250625,,,,,,,1,2025-06-29 01:10:39,投资策略,2025-06-25
本周热门,民生证券-金属行业2025年中期投资策略系列报告之能源金属篇：否极泰来，曙光已现-250621,,,推荐,,,,2,2025-06-29 01:10:41,行业分析,2025-06-21
本周热门,华金证券-事件点评：提振消费政策可能进一步支撑股市-250624,,,,,,,2,2025-06-29 01:10:41,投资策略,2025-06-25
本周热门,民生证券-卫星互联网行业运载火箭深度报告（二）：火箭总运力提升拐点已至，建议关注相关产业链进展-250626,,,推荐,,,,2,2025-06-29 01:10:41,行业分析,2025-06-26
本周热门,民生证券-有色金属行业周报：商品价格偏强震荡，钴或迎变局-250621,,,推荐,,,,2,2025-06-29 01:10:41,行业分析,2025-06-22
本周热门,东吴证券-天士力-600535-中药现代化领军企业，华润入主，厚积薄发-250622,,,买入（首次）,,,,2,2025-06-29 01:10:41,公司调研,2025-06-22
本周热门,国金证券-2025年通信行业中期策略报告：算力链长坡厚雪，运营商攻防兼备-250623,,,,,,,2,2025-06-29 01:10:41,行业分析,2025-06-24
本周热门,华安证券-泰凌微-688591-全球无线连接一流企业，端侧AI持续发力-250620,,,买入（首次）,,,,2,2025-06-29 01:10:41,公司调研,2025-06-23
本周热门,国信证券-商贸零售行业消费增长新范式思考之三：70后至00后的新兴消费变迁史，是轮回还是演进？-250625,,,优于大市,,,,2,2025-06-29 01:10:41,行业分析,2025-06-25
本周热门,中航证券-军工行业周报：巴黎航展引爆军贸关注，商业航天或迎高密度发射潮-250621,,,增持,,,,2,2025-06-29 01:10:41,行业分析,2025-06-23
本周热门,华金证券-佳电股份-000922-深度报告：工业特种电机龙头，核电业务进入收获期-250622,,,买入（首次）,,,,2,2025-06-29 01:10:41,公司调研,2025-06-25
本周热门,天风证券-石油石化行业专题研究：能源品处于周期什么位置？-250621,,,强于大市,,,,2,2025-06-29 01:10:41,行业分析,2025-06-21
本周热门,光大证券-电新公用环保行业周报：持续看好风电整机、固态电池板块，关注光伏“防内卷”后续政策-250622,,,买入,,,,2,2025-06-29 01:10:41,行业分析,2025-06-22
本周热门,华西证券-满弓，待旦-250622,,,,,,,2,2025-06-29 01:10:41,宏观经济,2025-06-22
本周热门,民生证券-金属行业2025年中期投资策略系列报告之贵金属篇：烽烟卷起怒涛滔，金阙九霄破浪高-250624,,,推荐,,,,2,2025-06-29 01:10:41,行业分析,2025-06-24
本周热门,中山证券-2025年电子行业年中展望：把握半导体国产替代主线-250620,,,,,,,2,2025-06-29 01:10:41,行业分析,2025-06-25
本周热门,华安证券-2025年A股中期投资策略：积聚向上突破的力量-250622,,,,,,,2,2025-06-29 01:10:41,投资策略,2025-06-22
本周热门,天风证券-南极光-300940-技术为擎，驱动广阔成长空间-250626,,,买入（首次）,,,,2,2025-06-29 01:10:41,公司调研,2025-06-26
本周热门,天风证券-中岩大地-003001-转型国家重大战略领域，岩土工程发展迎新机-250621,,,买入（首次）,,,,2,2025-06-29 01:10:41,公司调研,2025-06-21
本周热门,国元证券-汽车行业周报：固态电池渐近，欧洲新能源继续强劲-250623,,,推荐,,,,2,2025-06-29 01:10:41,行业分析,2025-06-23
本周热门,民生证券-华阳股份-600348-动态报告：兼具高成长+高股息的低估值煤企-250621,,,推荐,,,,2,2025-06-29 01:10:41,公司调研,2025-06-22
本周热门,东吴证券-机械设备行业跟踪周报：推荐基本面困境反转&固态电池催化的锂电设备板块-250622,,,增持,,,,2,2025-06-29 01:10:41,行业分析,2025-06-22
本周热门,开源证券-电子行业点评报告：AI眼镜，下一个时代的个人智能设备，AI眼镜四大创新趋势-250625,,,看好,,,,2,2025-06-29 01:10:41,行业分析,2025-06-25
本周热门,西南证券-海外自动驾驶行业专题：真L3加速推进与L4多场景爆发，海外自动驾驶投资风口-250625,,,,,,,2,2025-06-29 01:10:41,行业分析,2025-06-25
本周热门,东吴证券-专用设备行业点评报告：QS高性能固态电池隔膜导入电池产线，全球固态电池有望加速产业化-250626,,,增持,,,,2,2025-06-29 01:10:41,行业分析,2025-06-26
本周热门,国信证券-汽车和汽车零部件行业智能驾驶专题系列：线控转向加速落地，线控底盘大势所趋-250626,,,优于大市,,,,2,2025-06-29 01:10:41,行业分析,2025-06-26
本周热门,国联民生证券-光伏&锂电设备行业2025年度中期投资策略：锂电重启扩产潮，光伏静待产能出清-250624,,,强于大市,,,,2,2025-06-29 01:10:41,行业分析,2025-06-24
本周热门,国联民生证券-有色金属行业2025年度中期投资策略：不确定中寻确定性，看好黄金、稀土及铜铝-250623,,,强于大市,,,,2,2025-06-29 01:10:41,行业分析,2025-06-23
本周热门,国金证券-机器人行业中期策略：定点行情继续，关注新技术方案迭代-250626,,,,,,,2,2025-06-29 01:10:41,行业分析,2025-06-26
本周热门,国联民生证券-策略研究点评报告：日历效应在A股的应用-250623,,,,,,,2,2025-06-29 01:10:41,投资策略,2025-06-23
本周热门,国信证券-钴行业专题：供需失衡背景下，刚果（金）政策调整主导钴价-250622,,,优于大市,,,,2,2025-06-29 01:10:41,行业分析,2025-06-22
本周热门,华西证券-资产配置日报：担心踏空-250625,,,,,,,2,2025-06-29 01:10:41,宏观经济,2025-06-25
本周热门,慧博智能投研-慧博研报炼金之研报头条精华：从稳定币应用场景展望人民币国际化的未来-250624,,,,,,,2,2025-06-29 01:10:41,投资策略,2025-06-24
本周热门,财通证券-政策专题：政策演进下的消费行业ROE轮动策略（一）-250622,,,,,,,2,2025-06-29 01:10:41,投资策略,2025-06-22
本周热门,国联民生证券-医药生物行业2025年度中期投资策略：关注创新药、AI和左侧资产估值修复-250625,,,强于大市,,,,2,2025-06-29 01:10:41,行业分析,2025-06-25
本周热门,光大证券-计算机行业稳定币专题报告之一：意在重构全球支付体系，稳定币或将成为人民币国际化的链上支点-250627,,,买入,,,,2,2025-06-29 01:10:41,行业分析,2025-06-27
本周热门,国金证券-政策与战略专题报告：量子科技，产业革命核心赛道，投资风口将至-250626,,,,,,,2,2025-06-29 01:10:41,投资策略,2025-06-27
本周热门,东莞证券-锂电池产业链2025年中期投资策略：修复向好，聚焦固态-250626,,,超配,,,,2,2025-06-29 01:10:41,行业分析,2025-06-26
本周热门,国金证券-风电行业板块2025年中期策略：短中长逻辑兼备，风电板块性机会明确-250624,,,,,,,2,2025-06-29 01:10:41,行业分析,2025-06-24
本周热门,光大证券-资金面系列报告之四：被动型资金和个人投资者仍是资金面的主要变量-250621,,,,,,,2,2025-06-29 01:10:41,投资策略,2025-06-21
本周热门,国信证券-电子行业周报：AI算力投入火热依旧，继续推荐ASIC、存储模组及端侧创新-250624,,,优于大市,,,,2,2025-06-29 01:10:41,行业分析,2025-06-24
本周热门,天风证券-金风科技-002202-风机制造与风场运营双轮驱动，风机制造盈利迎来拐点-250622,,,买入（首次）,,,,2,2025-06-29 01:10:41,公司调研,2025-06-22
本周热门,光大证券-2025年5月财政数据点评：如何解读5月份财政数据？-250621,,,,,,,2,2025-06-29 01:10:41,宏观经济,2025-06-21
本周热门,国金证券-保险行业2025中期策略：新准则下估值体系将重塑，重视保险股价值重估机会！-250622,,,,,,,2,2025-06-29 01:10:41,行业分析,2025-06-23
本周热门,东吴证券-海天瑞声-688787-AI数据领军企业，全球化布局打造第二成长曲线-250622,,,买入（首次）,,,,2,2025-06-29 01:10:41,公司调研,2025-06-22
本周热门,华西证券-资产配置日报：关键的大涨-250624,,,,,,,2,2025-06-29 01:10:41,宏观经济,2025-06-24
本周热门,东方证券-汽车与零部件行业动态跟踪：特斯拉Robotaxi服务正式上线，建议关注产业链相关公司-250624,,,中性,,,,2,2025-06-29 01:10:41,行业分析,2025-06-24
本周热门,天风证券-海外经济跟踪周报：地缘风险持续，影响几何？-250622,,,,,,,2,2025-06-29 01:10:41,宏观经济,2025-06-22
本周热门,国元证券-存储行业报告：AI需求和制程升级，行业加速步入新一轮增长周期-250621,,,推荐,,,,2,2025-06-29 01:10:41,行业分析,2025-06-21
本周热门,开源证券-众生药业-002317-公司首次覆盖报告：夯实中药根基，创新转型乘风破浪未来可期-250622,,,买入（首次）,,,,2,2025-06-29 01:10:41,公司调研,2025-06-22
本周热门,东吴证券-电子行业深度报告：端侧AI重构终端生态，硬件升级驱动换机潮，多设备协同催生商业模式跃迁-250626,,,增持,,,,2,2025-06-29 01:10:41,行业分析,2025-06-27
本周热门,万联证券-2025年中期策略投资报告：固本强基，向新向好-250625,,,,,,,3,2025-06-29 01:10:42,投资策略,2025-06-25
本周热门,民生证券-宝武镁业-002182-动态报告：自主可控的战略金属，迎接镁压铸“奇点”时刻-250623,,,推荐,,,,3,2025-06-29 01:10:42,公司调研,2025-06-23
本周热门,国金证券-信息技术产业行业周报：AI眼镜新品迭出，ASIC渗透提速推升PCB、光模块用量-250622,,,买入,,,,3,2025-06-29 01:10:42,行业分析,2025-06-22
本周热门,华西证券-资产配置日报：主线未明-250623,,,,,,,3,2025-06-29 01:10:42,宏观经济,2025-06-23
本周热门,国信证券-牧业快评：2025年肉牛大周期或迎拐点，看好国内肉奶景气共振上行-250622,,,优于大市,,,,3,2025-06-29 01:10:42,行业分析,2025-06-22
本周热门,东海证券-恒玄科技-688608-公司深度报告：高制程打造长期壁垒，端侧AI布局多条成长路径-250625,,,买入（首次）,,,,3,2025-06-29 01:10:42,公司调研,2025-06-25
本周热门,慧博智能投研-慧博研报炼金之研报头条精华：稳定币将如何影响全球货币体系？-250626,,,,,,,3,2025-06-29 01:10:42,投资策略,2025-06-26
本周热门,民生证券-“十五五”规划系列报告（二）：“十五五”规划的初步线索-250625,,,,,,,3,2025-06-29 01:10:42,宏观经济,2025-06-25
本周热门,国信证券-2025年下半年非银金融行业投资策略：存款搬家下的价值回归-250624,,,优于大市,,,,3,2025-06-29 01:10:42,行业分析,2025-06-24
本周热门,国信证券-电力设备新能源行业AIDC电力设备专题之二：高压直流技术（HVDC）为国产设备带来广阔市场机遇-250626,,,优于大市,,,,3,2025-06-29 01:10:42,行业分析,2025-06-26
本周热门,国联民生证券-电新行业2025年度中期投资策略：周期重振开新局，技术进阶启新章-250623,,,强于大市,,,,3,2025-06-29 01:10:42,行业分析,2025-06-23
本周热门,东吴证券-策略点评：以伊冲突继续主导全球风偏——全球市场观察系列-250622,,,,,,,3,2025-06-29 01:10:42,投资策略,2025-06-22
本周热门,天风证券-煤炭开采行业煤炭十年：2015vs2025，政策背景和需求结构的变迁-250625,,,强于大市,,,,3,2025-06-29 01:10:42,行业分析,2025-06-25
本周热门,国元证券-AI应用行业系列报告：AI视频生成，商业化加速，国产厂商表现亮眼-250627,,,推荐,,,,3,2025-06-29 01:10:42,行业分析,2025-06-27
本周热门,天风证券-行业比较周报：券商异动后，军工/科技补涨的胜率&赔率-250626,,,,,,,3,2025-06-29 01:10:42,投资策略,2025-06-26
本周热门,太平洋证券-食品饮料行业深度研究报告：咖啡行业大有可为，云南咖啡豆香飘世界-250625,,,,,,,3,2025-06-29 01:10:42,行业分析,2025-06-25
本周热门,天风证券-全球AI行业周报：Marvell AI DAY上修数据中心市场指引，GPT~5预计2025年夏天发布-250623,,,,,,,3,2025-06-29 01:10:42,行业分析,2025-06-23
本周热门,世纪证券-宏观周报（6月第3周）：海外地缘政治冲突升温-250623,,,,,,,3,2025-06-29 01:10:42,宏观经济,2025-06-23
本周热门,光大证券-机械行业周报2025年第25周：Optimus机器人将迎重大改进，叉车5月内外销增速表现亮眼-250623,,,买入,,,,3,2025-06-29 01:10:42,行业分析,2025-06-23
本周热门,光大证券-医药生物行业跨市场周报：创新药审评再次加速，创新药产业链主线持续明确-250623,,,增持,,,,3,2025-06-29 01:10:42,行业分析,2025-06-23
本周热门,德邦证券-通信行业中国新型基础设施：昇腾芯片+低轨卫星+数字货币-250623,,,优于大市,,,,3,2025-06-29 01:10:42,行业分析,2025-06-23
本周热门,东吴证券-三花智控-002050-25年半年报预告点评：Q2业绩预告超预期，人形静待量产节奏提速-250625,,,买入,,,,3,2025-06-29 01:10:42,公司调研,2025-06-25
本周热门,国联民生证券-家用电器行业专题研究：如何看待国补带动下家电“618”表现？-250625,,,强于大市,,,,3,2025-06-29 01:10:42,行业分析,2025-06-25
本周热门,天风证券-A股策略周思考：以稳应变，防守反击-250622,,,,,,,3,2025-06-29 01:10:42,投资策略,2025-06-22
本周热门,毕马威-2025年中国宠物行业市场报告：“它经济”的消费升级与市场洞察-250621,,,,,,,3,2025-06-29 01:10:42,行业分析,2025-06-21
本周热门,国金证券-宏观经济点评报告：走出“内卷”靠什么？-250620,,,,,,,3,2025-06-29 01:10:42,宏观经济,2025-06-21
本周热门,华福证券-医药生物行业长护险深度报告：长护险有望催生万亿级护理需求，重点关注护理服务及设备租赁行业-250625,,,强于大市,,,,3,2025-06-29 01:10:42,行业分析,2025-06-25
本周热门,光大证券-工程机械行业2025年5月月报：5月挖掘机内销短期承压，国际化趋势支撑整体销量持续增长-250624,,,买入,,,,3,2025-06-29 01:10:42,行业分析,2025-06-24
本周热门,国金证券-家电行业2025年中期策略：配置黑白电龙头，拥抱新消费与新制造-250623,,,,,,,3,2025-06-29 01:10:42,行业分析,2025-06-23
本周热门,华福证券-医药生物行业中药创新药专题：蓄势待发的大品种，关注中药公司增量表现-250622,,,强于大市,,,,3,2025-06-29 01:10:42,行业分析,2025-06-22
本周热门,开源证券-富士达-835640-北交所公司深度报告：深耕国内射频连接器，技术领先+航天突破+产能释放驱动新成长构筑三维优势-250621,,,买入,,,,3,2025-06-29 01:10:42,公司调研,2025-06-22
本周热门,江海证券-电池行业：QuantumScape固态电池获里程碑式进展，关注氧化物电解质方向投资机会-250627,,,增持,,,,3,2025-06-29 01:10:42,行业分析,2025-06-27
本周热门,长城证券-纺织服装行业2025年中期策略报告：补贴助力消费回暖，关注关税未来变化-250626,,,强于大势,,,,3,2025-06-29 01:10:42,行业分析,2025-06-26
本周热门,开源证券-北交所策略专题报告：新三板2024年报观察，分化格局深化，创新层企业成逆势增长亮点-250623,,,,,,,3,2025-06-29 01:10:42,投资策略,2025-06-23
本周热门,东兴证券-食品饮料行业2025年中期策略报告：价格是资产定价重要观察要素-250624,,,看好,,,,3,2025-06-29 01:10:42,行业分析,2025-06-24
本周热门,中邮证券-北化股份-002246-硝化棉需求增长供给收缩，公司业绩拐点确立-250622,,,买入（首次）,,,,3,2025-06-29 01:10:42,公司调研,2025-06-22
本周热门,民生证券-化工行业2025年度中期投资策略：聚焦新消费需求，捕捉周期机会-250623,,,,,,,3,2025-06-29 01:10:42,行业分析,2025-06-23
本周热门,华鑫证券-澳弘电子-605058-公司动态研究报告：任天堂Swtich 2销量超预期，AI算力催动高端PCB需求-250622,,,买入（首次）,,,,3,2025-06-29 01:10:42,公司调研,2025-06-22
本周热门,华福证券-市场状态高频数据库——6月第3周-250622,,,,,,,3,2025-06-29 01:10:42,投资策略,2025-06-22
本周热门,东吴证券-环保行业跟踪周报：军信携长沙数字集团共促垃圾焚烧+IDC落地，固废板块提分红+供热&IDC拓展提ROE-250623,,,增持,,,,3,2025-06-29 01:10:42,行业分析,2025-06-23
本周热门,东吴证券-2025H2汽车行业投资策略：破旧立新-250627,,,,,,,3,2025-06-29 01:10:42,行业分析,2025-06-27
本周热门,长城证券-新强联-300850-风电传动链集成释放TRB需求，公司产能释放共振行业回暖-250624,,,增持（首次）,,,,3,2025-06-29 01:10:42,公司调研,2025-06-24
本周热门,长城证券-金风科技-002202-整机龙头盈利改善持续向上，深耕细作两海市场丰收在望-250624,,,买入,,,,3,2025-06-29 01:10:42,公司调研,2025-06-24
本周热门,华福证券-传媒行业海外稳定币跟踪：Circle + Coinbase-250621,,,强于大市,,,,3,2025-06-29 01:10:42,行业分析,2025-06-21
本周热门,中邮证券-京北方-002987-数字货币先行者，技术卡位优势明显-250624,,,买入（首次）,,,,3,2025-06-29 01:10:42,公司调研,2025-06-24
本周热门,东方证券-智能物流行业专题报告：AI赋能物流新变革，无人叉车引领智能升级-250625,,,看好,,,,3,2025-06-29 01:10:42,行业分析,2025-06-25
本周热门,东吴证券-每周主题、产业趋势交易复盘和展望：关注半导体，脑机接口，深海科技-250621,,,,,,,3,2025-06-29 01:10:42,投资策略,2025-06-21
本周热门,东方证券-电子行业动态跟踪：美拟收紧半导体技术豁免，利好本土产业链-250623,,,看好,,,,3,2025-06-29 01:10:42,行业分析,2025-06-23
本周热门,华安证券-海外宏观研究笔记（一）：萨姆信号下的美联储降息规律-250623,,,,,,,3,2025-06-29 01:10:42,宏观经济,2025-06-23
本周热门,华福证券-PFA行业深度：高景气赛道大单品，国产奋楫争先-250625,,,强于大市,,,,3,2025-06-29 01:10:42,行业分析,2025-06-25
本月热门,财通证券-2025年6月A股策略：回归传统核心资产-250601,,,,,,,1,2025-06-29 01:10:46,投资策略,2025-06-01
本月热门,东莞证券-2025年6月份A股投资策略报告：震荡企稳-250530,,,,,,,1,2025-06-29 01:10:46,投资策略,2025-05-30
本月热门,国信证券-通信行业2025年6月投资策略：高速光模块景气度持续，商业航天发展加速-250602,,,优于大市,,,,1,2025-06-29 01:10:46,行业分析,2025-06-02
本月热门,诚通证券-2025年6月宏观及大类资产月报：政策预期支撑，二季度市场情绪或修复-250601,,,,,,,1,2025-06-29 01:10:46,宏观经济,2025-06-02
本月热门,东吴证券-创新药行业专题研究报告：创新突破，出海拓疆-250605,,,,,,,1,2025-06-29 01:10:46,行业分析,2025-06-05
本月热门,天风证券-计算机行业：以稳定币的名义，重塑全球金融支付体系-250617,,,强于大市,,,,1,2025-06-29 01:10:46,行业分析,2025-06-18
本月热门,东吴证券-金融行业产品跟踪周报：权益ETF系列，调整空间相对有限，结构性行情持续涌现-250614,,,增持,,,,1,2025-06-29 01:10:46,行业分析,2025-06-15
本月热门,光大证券-2025年6月策略观点：寻找震荡中的机会-250602,,,,,,,1,2025-06-29 01:10:46,投资策略,2025-06-02
本月热门,天风证券-医药生物行业专题研究：买全球最好的中国创新药，突破性疗法（BTD）品种梳理-250609,,,强于大市,,,,1,2025-06-29 01:10:46,行业分析,2025-06-09
本月热门,东吴证券-电力设备与新能源行业固态电池深度系列三：产业链技术持续突破，固态进入中试关键期-250610,,,,,,,1,2025-06-29 01:10:46,行业分析,2025-06-10
本月热门,中邮证券-有色金属行业：固态电池对上游金属需求梳理-250620,,,强大于市,,,,1,2025-06-29 01:10:46,行业分析,2025-06-20
本月热门,慧博智能投研-固态电池行业深度：驱动因素、市场现状、产业链及相关公司深度梳理-250609,,,,,,,1,2025-06-29 01:10:46,行业分析,2025-06-09
本月热门,太平洋证券-恩捷股份-002812-事件点评：根植云南的锂电隔膜龙头，发力固态电池材料-250609,,,买入,,,,1,2025-06-29 01:10:46,公司调研,2025-06-09
本月热门,民生证券-人形机器人行业系列深度报告二：NVIDIA“大脑”能力齐备，具身智能浪潮已至-250530,,,推荐,,,,1,2025-06-29 01:10:46,行业分析,2025-05-31
本月热门,国联民生证券-利民股份-002734-AI+合成生物先行者，杀菌剂及杀虫剂景气上行-250530,,,买入（首次）,,,,1,2025-06-29 01:10:46,公司调研,2025-05-30
本月热门,山西证券-隆基绿能-601012-产业链价格下行拖累业绩，2025年BC产品出货占比有望超25%-250603,,,买入-B,,,,1,2025-06-29 01:10:46,公司调研,2025-06-03
本月热门,天风证券-海外行业 Circle：稳定币第一股，生态及合规优势稳固-250608,,,,,,,1,2025-06-29 01:10:46,行业分析,2025-06-08
本月热门,国信证券-食品饮料行业白酒板块6月投资策略：淡季价格体现压力，估值或进入底部布局期-250612,,,优于大市,,,,1,2025-06-29 01:10:46,行业分析,2025-06-12
本月热门,东吴证券-策略周评：创新药和新消费之后，还能买什么板块？-250614,,,,,,,1,2025-06-29 01:10:46,投资策略,2025-06-15
本月热门,华西证券-计算机行业跟踪：稳定币+RWA，未来金融话语权-250601,,,推荐,,,,1,2025-06-29 01:10:46,行业分析,2025-06-01
本月热门,东吴证券-宏观点评：美联储全年降息或不及2次——2025年6月FOMC会议点评-250619,,,,,,,1,2025-06-29 01:10:46,宏观经济,2025-06-19
本月热门,国信证券-互联网行业：从Circle上市，探索稳定币与交易所的合作模式-250624,,,优于大市,,,,1,2025-06-29 01:10:46,行业分析,2025-06-24
本月热门,华金证券-新恒汇-301678-新股覆盖研究-250531,,,,,,,1,2025-06-29 01:10:46,公司调研,2025-06-02
本月热门,东吴证券-策略周评：6月值得关注的主题和产业趋势-250602,,,,,,,1,2025-06-29 01:10:46,投资策略,2025-06-02
本月热门,天风证券-通信行业：全球AI蓬勃发展，持续看好AI行业作为年度投资主线-250621,,,强于大市,,,,1,2025-06-29 01:10:46,行业分析,2025-06-21
本月热门,民生证券-国防军工行业专题报告：海外启示录3，中国军贸的“DeepSeek”时刻是否来临？-250613,,,推荐,,,,1,2025-06-29 01:10:46,行业分析,2025-06-13
本月热门,国金证券-养老机器人行业研究：近万亿级机器人市场，生态搭建是关键-250610,,,买入,,,,1,2025-06-29 01:10:46,行业分析,2025-06-11
本月热门,山西证券-胜宏科技-300476-“软硬兼具”的高端PCB龙头，AI算力需求带来超预期增长空间-250609,,,买入-A（首次）,,,,1,2025-06-29 01:10:46,公司调研,2025-06-09
本月热门,西南证券-北交所2025年中期投资策略：估值弹性与成长性并存，探索北交所投资机遇-250604,,,,,,,1,2025-06-29 01:10:46,投资策略,2025-06-13
本月热门,开源证券-北交所策略专题报告：多批重要卫星近期成功发射，关注星图测控等北证航空航天稀缺标的-250608,,,,,,,1,2025-06-29 01:10:46,投资策略,2025-06-08
本月热门,长城证券-宏观经济研究*月报：2025年6月大类资产配置报告-250528,,,,,,,1,2025-06-29 01:10:46,宏观经济,2025-05-29
本月热门,财信证券-房地产市场高频数据周报-250604,,,,,,,1,2025-06-29 01:10:46,投资策略,2025-06-06
本月热门,慧博智能投研-可控核聚变行业深度：商业进程、市场空间、产业链及相关公司深度梳理-250603,,,,,,,1,2025-06-29 01:10:46,行业分析,2025-06-03
本月热门,东吴证券-北交所定期报告：政策红利与高估值压力并存，关注中报业绩兑现与政策催化-250615,,,,,,,1,2025-06-29 01:10:46,投资策略,2025-06-15
本月热门,华金证券-华之杰-603400-新股覆盖研究-250531,,,,,,,1,2025-06-29 01:10:46,公司调研,2025-06-02
本月热门,东吴证券-无人驾驶行业深度之一：无人物流专题，万事具备，爆发元年-250610,,,,,,,1,2025-06-29 01:10:46,行业分析,2025-06-10
本月热门,华西证券-计算机行业稳定币+RWA：跃向数字金融3.0-250621,,,,,,,1,2025-06-29 01:10:46,行业分析,2025-06-21
本月热门,国信证券-家电行业2025年6月投资策略：618前期家电线上表现积极，空调6月内销排产量增长29%-250603,,,优于大市,,,,1,2025-06-29 01:10:46,行业分析,2025-06-03
本月热门,慧博智能投研-核电行业深度：驱动因素、市场前景、产业链及相关公司深度梳理-250530,,,,,,,1,2025-06-29 01:10:46,行业分析,2025-05-30
本月热门,民生证券-石化行业周报：地缘冲突持续发酵，油价或高位宽幅震荡-250621,,,推荐,,,,1,2025-06-29 01:10:46,行业分析,2025-06-21
本月热门,慧博智能投研-稳定币深度：发展历程、市场格局、未来展望、产业链及相关公司深度梳理-250609,,,,,,,1,2025-06-29 01:10:46,行业分析,2025-06-09
本月热门,国信证券-互联网行业2025年6月投资策略：一季报业绩稳健，恒生科技指数处于震荡期-250605,,,优于大市,,,,1,2025-06-29 01:10:46,行业分析,2025-06-05
本月热门,东吴证券-宏观深度报告：人民币汇率，会否升破7.1？-250602,,,,,,,1,2025-06-29 01:10:46,宏观经济,2025-06-02
本月热门,天风证券-计算机行业专题研究：Agent有望定义万亿劳动力市场-250611,,,强于大市,,,,1,2025-06-29 01:10:46,行业分析,2025-06-11
本月热门,天风证券-银行业深度研究：2025年贷款利率下行幅度有望显著放缓-250618,,,强于大市,,,,1,2025-06-29 01:10:46,行业分析,2025-06-18
本月热门,民生证券-人形机器人产业2025年中期投资策略：智启新程，人形进阶-250610,,,,,,,1,2025-06-29 01:10:46,行业分析,2025-06-10
本月热门,国信证券-计算机行业：稳定币香港政策落地，关注板块投资机会-250604,,,优于大市,,,,1,2025-06-29 01:10:46,行业分析,2025-06-04
本月热门,东吴证券-先导智能-300450-看好国内龙头扩产重启&海外整车厂入局，龙头设备商充分受益-250603,,,买入,,,,1,2025-06-29 01:10:46,公司调研,2025-06-03
本月热门,国金证券-医药健康行业研究：肿瘤创新药大梳理（三）乳腺癌篇，乘东风启航，国产创新药春芽萌动-250530,,,买入,,,,1,2025-06-29 01:10:46,行业分析,2025-05-31
本月热门,东吴证券-非银金融行业稳定币~专题系列报告（一）：金融新基建的崛起，香港监管框架下的机遇与挑战-250616,,,增持,,,,1,2025-06-29 01:10:46,行业分析,2025-06-16
本月热门,东吴证券-策略点评：主题掘金，稳定币生态加速构建-250530,,,,,,,2,2025-06-29 01:10:47,投资策略,2025-05-30
本月热门,东吴证券-传感器行业深度报告：触觉提升机器人现实感知能力，打通灵巧操作关键一环-250530,,,,,,,2,2025-06-29 01:10:47,行业分析,2025-05-30
本月热门,天风证券-医药生物行业专题研究：买全球最好的中国创新药-250624,,,强于大市,,,,2,2025-06-29 01:10:47,行业分析,2025-06-24
本月热门,东兴证券-通信行业2025年半年度投资策略：算力产业链发展迅速，看好光模块&IDC&物联网模组-250606,,,看好,,,,2,2025-06-29 01:10:47,行业分析,2025-06-06
本月热门,慧博智能投研-ASIC行业深度：市场前景、规模预测、产业链及相关公司深度梳理-250616,,,,,,,2,2025-06-29 01:10:47,行业分析,2025-06-16
本月热门,东海证券-能源化工行业原油及聚酯产业链月报（2025年6月）：OPEC+持续增产，原油或将承压-250606,,,,,,,2,2025-06-29 01:10:47,行业分析,2025-06-06
本月热门,天风证券-半导体行业：头部大厂AI眼镜或将陆续发布，存储涨势持续，关注产业链核心标的机会-250607,,,强于大市,,,,2,2025-06-29 01:10:47,行业分析,2025-06-07
本月热门,光大证券-医药生物行业跨市场周报：PD~1（PD~L1）/VEGF双抗概念火爆，中国创新药企引领研发热潮-250604,,,增持,,,,2,2025-06-29 01:10:47,行业分析,2025-06-04
本月热门,天风证券-2025年中期策略：生于忧患，死于安乐-250620,,,,,,,2,2025-06-29 01:10:47,投资策略,2025-06-20
本月热门,国信证券-银行业：香港稳定币产业链生态解析-250626,,,优于大市,,,,2,2025-06-29 01:10:47,行业分析,2025-06-26
本月热门,东吴证券-电新行业：可控核聚变新阶段，迈向终极能源第一步-250613,,,,,,,2,2025-06-29 01:10:47,行业分析,2025-06-13
本月热门,慧博智能投研-潮玩行业深度：市场现状、市场规模、出海情况、产业链及相关公司深度梳理-250603,,,,,,,2,2025-06-29 01:10:47,行业分析,2025-06-03
本月热门,华龙证券-人形机器人行业专题报告：电子皮肤，人形进化时，感知即未来-250616,,,推荐,,,,2,2025-06-29 01:10:47,行业分析,2025-06-17
本月热门,国金证券-电子行业研究：光刻机，自主可控最核心环节，产业迎来黄金加速期-250611,,,买入,,,,2,2025-06-29 01:10:47,行业分析,2025-06-11
本月热门,东吴证券-电力设备与新能源行业人形机器人深度研究系列八：谐波减速器，差齿传动，持续进化-250530,,,,,,,2,2025-06-29 01:10:47,行业分析,2025-05-30
本月热门,东吴证券-机器人行业轻量化深度报告：机器人轻量化大势所趋，镁合金&PEEK材料加速应用-250612,,,,,,,2,2025-06-29 01:10:47,行业分析,2025-06-12
本月热门,东吴证券-商贸零售行业跟踪周报：618节奏拉长规则简化，国货美妆高质量增长-250623,,,增持,,,,2,2025-06-29 01:10:47,行业分析,2025-06-23
本月热门,东吴证券-金融行业产品跟踪周报：权益ETF系列，寻觅合适时机，成长风格已然启动-250607,,,增持,,,,2,2025-06-29 01:10:47,行业分析,2025-06-07
本月热门,华西证券-计算机行业策略报告：25年H2重点，AI与稳定币-250610,,,,,,,2,2025-06-29 01:10:47,行业分析,2025-06-11
本月热门,开源证券-北交所策略专题报告：2025年消费品以旧换新撬动1.1万亿，北证汽车/消费电子/家电产业链深度解析-250622,,,,,,,2,2025-06-29 01:10:47,投资策略,2025-06-22
本月热门,金元证券-电子行业功率半导体黄金赛道：技术迭代×能源革命×国产替代的三重奏-250528,,,增持,,,,2,2025-06-29 01:10:47,行业分析,2025-05-29
本月热门,华金证券-汽车行业人形机器人系列报告（一）：六维力传感器市场加速扩容，国产替代机遇与挑战并存-250603,,,领先大市,,,,2,2025-06-29 01:10:47,行业分析,2025-06-05
本月热门,东兴证券-2025年银行业中期策略：业绩压力临近拐点，盈利释放能力强的区域行更优-250606,,,,,,,2,2025-06-29 01:10:47,行业分析,2025-06-06
本月热门,中原证券-新易盛-300502-季报点评：净利润创新高，800G产品出货量持续提升-250529,,,买入,,,,2,2025-06-29 01:10:47,公司调研,2025-05-30
本月热门,天风证券-计算机行业AI算力系列之交换机：算力网络稳定“核心”，助力AI高效发展-250625,,,强于大市,,,,2,2025-06-29 01:10:47,行业分析,2025-06-25
本月热门,太平洋证券-可控核聚变行业展望：进入关键导入期-250618,,,,,,,2,2025-06-29 01:10:47,行业分析,2025-06-18
本月热门,民生证券-计算机行业动态报告：RWA的资产上链新拼图，AI算力租赁-250620,,,推荐,,,,2,2025-06-29 01:10:47,行业分析,2025-06-20
本月热门,中邮证券-万马股份-002276-业绩略低于预期，超高压3期投产逐步投产有望贡献业绩-250530,,,增持,,,,2,2025-06-29 01:10:47,公司调研,2025-05-30
本月热门,天风证券-科泰电源-300153-发电机组龙头，把握数据中心发展机遇-250605,,,买入（首次）,,,,2,2025-06-29 01:10:47,公司调研,2025-06-05
本月热门,国金证券-光伏行业2025年中期策略：供给侧困境反转见曙光，看好产能再全球化、技术迭代破局机会-250603,,,,,,,2,2025-06-29 01:10:47,行业分析,2025-06-03
本月热门,国信证券-汇川技术-300124-2025年一季度业绩增长63%，正式布局人形机器人业务-250530,,,优于大市,,,,2,2025-06-29 01:10:47,公司调研,2025-05-30
本月热门,第一上海-中际旭创-300308-受益于北美CSP对ASIC服务器出货的乐观预期-250618,,,,,,,2,2025-06-29 01:10:47,公司调研,2025-06-18
本月热门,国信证券-固态电池行业专题之二：政策推动技术进步，应用场景日益丰富-250626,,,优于大市,,,,2,2025-06-29 01:10:47,行业分析,2025-06-26
本月热门,天风证券-中材科技-002080-新材料领跑先锋，高端卡位有望迎估值重塑-250606,,,买入,,,,2,2025-06-29 01:10:47,公司调研,2025-06-06
本月热门,民生证券-汽车和汽车零部件行业周报：新车型密集催化，自主高端化向上-250622,,,推荐,,,,2,2025-06-29 01:10:47,行业分析,2025-06-22
本月热门,国金证券-影石创新-688775-全景相机冠军，运动相机成长可期-250610,,,买入（首次）,,,,2,2025-06-29 01:10:47,公司调研,2025-06-10
本月热门,国信证券-商贸零售行业6月投资策略：618大促表现稳中有进，新消费行情持续扩圈-250610,,,优于大市,,,,2,2025-06-29 01:10:47,行业分析,2025-06-10
本月热门,开源证券-北交所策略专题报告：我国核聚变装置运行创新纪录，关注核电行业内北交所11家标的-250602,,,,,,,2,2025-06-29 01:10:47,投资策略,2025-06-02
本月热门,财信证券-策略点评 ：房地产市场高频数据周报-250616,,,,,,,2,2025-06-29 01:10:47,投资策略,2025-06-18
本月热门,华龙证券-人形机器人行业专题研究周报：人形机器人应用场景加速落地，高关注度赛事带动主机厂订单-250609,,,推荐,,,,2,2025-06-29 01:10:47,行业分析,2025-06-09
本月热门,东吴证券-AI+汽车行业智能化系列之十二：理想汽车核心竞争力剖析-250610,,,,,,,2,2025-06-29 01:10:47,行业分析,2025-06-10
本月热门,中邮证券-北化股份-002246-防务需求逐步回暖，商业航天前景广阔-250613,,,买入（首次）,,,,2,2025-06-29 01:10:47,公司调研,2025-06-13
本月热门,国金证券-紫光股份-000938-ICT领军，AI服务器与交换机齐放量-250611,,,买入（首次）,,,,2,2025-06-29 01:10:47,公司调研,2025-06-12
本月热门,东吴证券-全球市场观察系列：发达市场与新兴市场开始分化？-250604,,,,,,,2,2025-06-29 01:10:47,投资策略,2025-06-04
本月热门,东莞证券-半导体行业2025年中期投资策略：把握不确定性中的确定性，继续看好自主可控与人工智能浪潮-250616,,,超配,,,,2,2025-06-29 01:10:47,行业分析,2025-06-16
本月热门,东吴证券-丝杠行业深度报告：人形机器人催化丝杠国产化，优质企业乘势而上-250627,,,,,,,2,2025-06-29 01:10:47,行业分析,2025-06-27
本月热门,民生证券-计算机行业周报：稳定币深度研究框架-250622,,,推荐,,,,2,2025-06-29 01:10:47,行业分析,2025-06-22
本月热门,天风证券-卡牌行业：二十年代际跃迁，不变的文化符号-250529,,,强于大市,,,,2,2025-06-29 01:10:47,行业分析,2025-05-29
本月热门,天风证券-食品饮料行业周报：白酒淡季处压力测试期，重视大众品布局机会-250611,,,强于大市,,,,2,2025-06-29 01:10:47,行业分析,2025-06-11
本月热门,国信证券-医药生物行业：2025 ASCO年会摘要总结——关注国产双抗、ADC等创新分子-250530,,,优于大市,,,,2,2025-06-29 01:10:47,行业分析,2025-05-30
本月热门,长城证券-周度策略行业配置观点：风偏回暖，以“点”待“线”-250606,,,,,,,3,2025-06-29 01:10:49,投资策略,2025-06-08
本月热门,长城证券-周度策略行业配置观点：过滤噪声，以“稳”为主-250616,,,,,,,3,2025-06-29 01:10:49,投资策略,2025-06-16
本月热门,国金证券-广晟有色-600259-低估、高成长的华南稀土龙头-250610,,,买入（首次）,,,,3,2025-06-29 01:10:49,公司调研,2025-06-11
本月热门,开源证券-基础化工行业点评报告：固态电池产业化进展加速，高性能材料产业化先行-250623,,,看好,,,,3,2025-06-29 01:10:49,行业分析,2025-06-23
本月热门,国投证券-真有点像2019年了-250608,,,,,,,3,2025-06-29 01:10:49,投资策略,2025-06-08
本月热门,华西证券-国防军工行业：商业航天，事情正在起变化-250601,,,推荐,,,,3,2025-06-29 01:10:49,行业分析,2025-06-01
本月热门,东吴证券-策略点评：地缘冲突再起——全球市场观察系列-250616,,,,,,,3,2025-06-29 01:10:49,投资策略,2025-06-16
本月热门,民生证券-证券行业2025年中期投资策略：自营为矛，资本金为盾——券商ROE提升的“攻防一体”逻辑-250610,,,推荐,,,,3,2025-06-29 01:10:49,行业分析,2025-06-10
本月热门,国信证券-传媒行业6月投资策略：关注游戏新品表现，把握AI应用与IP潮玩布局机会-250612,,,优于大市,,,,3,2025-06-29 01:10:49,行业分析,2025-06-12
本月热门,国信证券-农林牧渔行业2025年6月投资策略：关注猪禽低估值龙头，推荐宠物标的与海大集团-250608,,,优于大市,,,,3,2025-06-29 01:10:49,行业分析,2025-06-08
本月热门,开源证券-煤炭行业点评报告：国内及蒙古焦煤临近成本线，焦煤加速探底或近底部-250604,,,看好,,,,3,2025-06-29 01:10:49,行业分析,2025-06-04
本月热门,德邦证券-万华化学-600309-主营业务保持稳健，减值&报废短期拖累-250604,,,买入（首次）,,,,3,2025-06-29 01:10:49,公司调研,2025-06-04
本月热门,国信证券-电力设备新能源行业2025年6月投资策略：关注数据中心HVDC应用进展，固态电池行业进展催化不断-250612,,,优于大市,,,,3,2025-06-29 01:10:49,行业分析,2025-06-12
本月热门,财通证券-舒泰神-300204-FXa波米泰酶α为FIC、1002领先C5a大靶点-250530,,,增持（首次）,,,,3,2025-06-29 01:10:49,公司调研,2025-05-31
本月热门,开源证券-北交所策略专题报告：北交所打新策略，募资规模提升，中签率迎来改善窗口-250615,,,,,,,3,2025-06-29 01:10:49,投资策略,2025-06-15
本月热门,国信证券-中国稀土-000831-中稀集团核心上市平台，受益稀土行业多重催化-250611,,,优于大市（首次）,,,,3,2025-06-29 01:10:49,公司调研,2025-06-11
本月热门,东吴证券-人工智能行业具身智能数据：AI时代的石油-250605,,,,,,,3,2025-06-29 01:10:49,行业分析,2025-06-05
本月热门,中邮证券-策略观点：震荡仍是主旋律，等待内部政策窗口期-250616,,,,,,,3,2025-06-29 01:10:49,投资策略,2025-06-16
本月热门,东吴证券-中恒电气-002364-掘金HVDC百亿蓝海，御风AI基建全球化-250608,,,买入（首次）,,,,3,2025-06-29 01:10:49,公司调研,2025-06-08
本月热门,国信证券-计算机行业2025年6月暨中期投资策略：AI产业快速迭代，持续看好Agent和算力租赁-250613,,,优于大市,,,,3,2025-06-29 01:10:49,行业分析,2025-06-13
本月热门,天风证券-经济数据点评：6.4%社零背后的亮点与挑战-250617,,,,,,,3,2025-06-29 01:10:49,宏观经济,2025-06-17
本月热门,东吴证券-科达利-002850-结构件龙头护城河深厚，赋能机器人崛起正当时-250530,,,买入,,,,3,2025-06-29 01:10:49,公司调研,2025-05-31
本月热门,东海证券-国内观察：2025年5月通胀数据，价格压力持续，亟待政策破局-250609,,,,,,,3,2025-06-29 01:10:49,宏观经济,2025-06-09
本月热门,慧博智能投研-智能眼镜行业深度：发展历程、竞争格局、国产替代、未来趋势及相关公司深度梳理-250623,,,,,,,3,2025-06-29 01:10:49,行业分析,2025-06-23
本月热门,太平洋证券-医药行业日报：kymera口服降解剂KT~621一期临床成功-250603,,,看好,,,,3,2025-06-29 01:10:49,行业分析,2025-06-04
本月热门,东吴证券-专用设备行业点评报告：固态电池0~1产业化加速，设备商优先受益-250617,,,增持,,,,3,2025-06-29 01:10:49,行业分析,2025-06-17
本月热门,东吴证券-宏观深度报告：老龄化进程下的消费变迁和银发经济-250530,,,,,,,3,2025-06-29 01:10:49,宏观经济,2025-05-30
本月热门,东吴证券-原油行业周报：伊以冲突推动国际油价大幅上涨-250615,,,,,,,3,2025-06-29 01:10:49,行业分析,2025-06-15
本月热门,东吴证券-华东医药-000963-白马药企转型创新，开启发展新阶段-250609,,,买入,,,,3,2025-06-29 01:10:49,公司调研,2025-06-10
本月热门,华安证券-甘李药业-603087-国内胰岛素量价齐升，海外业务持续拓展-250609,,,买入,,,,3,2025-06-29 01:10:49,公司调研,2025-06-09
本月热门,国金证券-机器人行业：垂直领域具身智能机器人的野望-250617,,,买入,,,,3,2025-06-29 01:10:49,行业分析,2025-06-17
本月热门,东吴证券-厦钨新能-688778-核心业务稳步增长，硫化锂打造固态电池核心壁垒-250623,,,买入（首次）,,,,3,2025-06-29 01:10:49,公司调研,2025-06-23
本月热门,国信证券-半导体行业6月投资策略：WSTS上修半导体销售额预测值，ADI表示订单在加速-250610,,,优于大市,,,,3,2025-06-29 01:10:49,行业分析,2025-06-10
本月热门,东吴证券-捷昌驱动-603583-线性驱动领军企业，携手灵巧智能进军机器人赛道-250529,,,买入（首次）,,,,3,2025-06-29 01:10:49,公司调研,2025-05-31
本月热门,慧博智能投研-钨行业深度：供需格局、行业发展趋势、产业链及相关企业深度梳理-250606,,,,,,,3,2025-06-29 01:10:49,行业分析,2025-06-06
本月热门,东兴证券-2025年A股中期投资展望：A股已站在中长期慢牛的起点-250613,,,,,,,3,2025-06-29 01:10:49,投资策略,2025-06-13
本月热门,财信证券-房地产市场高频数据周报-250610,,,,,,,3,2025-06-29 01:10:49,投资策略,2025-06-11
本月热门,天风证券-光威复材-300699-大飞机自主可控持续加速，航空装备无人化拉动需求增长-250605,,,买入（首次）,,,,3,2025-06-29 01:10:49,公司调研,2025-06-05
本月热门,东海证券-技术分析上证指数简评：若有效上破3418点压力位，指数或有进一步盘升动能-250605,,,,,,,3,2025-06-29 01:10:49,投资策略,2025-06-05
本月热门,华金证券-信通电子-001388-新股覆盖研究-250613,,,,,,,3,2025-06-29 01:10:49,公司调研,2025-06-14
本月热门,东方证券-传媒行业2025情绪价值系列报告之短剧：短剧流水全球高企，中小企业有望海外站稳高台-250601,,,看好,,,,3,2025-06-29 01:10:49,行业分析,2025-06-01
本月热门,光大证券-医药生物行业跨市场周报：创新药投资热度高企，持续把握真创新和稳健高股息主线-250608,,,增持,,,,3,2025-06-29 01:10:49,行业分析,2025-06-09
本月热门,华鑫证券-剑桥科技-603083-公司动态研究报告：800G及400G系列新品量产，光模块需求爆发推动利润高增-250612,,,买入（首次）,,,,3,2025-06-29 01:10:49,公司调研,2025-06-12
本月热门,国元证券-AI行业专题报告：国产Agent不断演进，通用协议推进系统性应用-250609,,,推荐,,,,3,2025-06-29 01:10:49,行业分析,2025-06-09
本月热门,慧博智能投研-EDA行业深度：发展历程、竞争格局、国产替代、未来趋势及相关公司深度梳理-250616,,,,,,,3,2025-06-29 01:10:49,行业分析,2025-06-16
本月热门,国元证券-联创电子-002036-公司首次覆盖报告：车载光学产能加速释放，静待盈利修复-250612,,,增持（首次）,,,,3,2025-06-29 01:10:49,公司调研,2025-06-12
本月热门,东兴证券-锂电行业2025年中期投资策略：板块景气度回暖，固态电池、钠电有望迎来规模化应用节点-250612,,,看好,,,,3,2025-06-29 01:10:49,行业分析,2025-06-12
本月热门,民生证券-电子行业深度：智能眼镜，AI形态领航，探索AR新视界-250611,,,推荐,,,,3,2025-06-29 01:10:49,行业分析,2025-06-11
本月热门,东方证券-医药生物行业2025 ASCO部分重点研究梳理：ASCO见证国产创新药闪耀全球-250605,,,看好,,,,3,2025-06-29 01:10:49,行业分析,2025-06-05
本月热门,天风证券-机械设备行业：灵巧手深度梳理——指尖跃动无垠星河，巧手编织璀璨经纬-250623,,,强于大市,,,,3,2025-06-29 01:10:49,行业分析,2025-06-23
行业分析,民生证券-钢铁行业周报：铁水维持高位，成本支撑走强-250629,价格：本周钢材价格涨跌互现。截至6月27日，上海20mm HRB400材质螺纹价格为3090元/吨，较上周升20元/吨。高线8.0mm价格为3300元/吨，较上周升30元/吨。...,邱祖学,推荐,20,2025-06-29,cher******cky,1,2025-06-29 01:10:53,,
行业分析,民生证券-电力设备及新能源行业周报：小米YU7豪华高性能SUV发布，1~5月光伏装机突破190GW-250629,"本周（20250623-20250627）板块行情
　　电力设备与新能源板块：本周上涨5.11%，涨跌幅排名第5，强于上证指数。本周新能源汽车指数涨幅最大，风力发电指数涨幅最小...",邓永康，王一如，李佳,推荐,21,2025-06-29,mj***8,1,2025-06-29 01:10:53,,
行业分析,民生证券-煤炭行业周报：火电增速持续转正，关注需求好转-250628,火电增速持续转正，关注需求好转。本周临近月末，部分煤矿生产任务完成有停减产现象，叠加下游刚需采购较好，坑口煤价继续上涨，从而发运倒挂加剧，但旺季预期下铁路运量延续高位、周环比继...,周泰，李航，王姗姗,推荐,23,2025-06-29,xi***n,1,2025-06-29 01:10:53,,
行业分析,民生证券-有色金属行业周报：降息预期升温，金属价格走强-250628,本周（06/23-06/27）上证综指上涨1.91%，沪深300指数上涨1.95%，SW有色指数上涨4.33%，贵金属COMEX黄金变动-2.90%，COMEX白银变动+0.6...,邱祖学,推荐,30,2025-06-29,ry***7,1,2025-06-29 01:10:53,,
行业分析,民生证券-教育行业2025年中报前瞻：“三维共振”助力成长，中期业绩值得期待-250626,教育行业“三维共振”，中高考迎来“黄金十年”。近几年，教育行业迎来政策边际改善、行业供给出清、需求持续释放的“三维共振”。教育政策在教育强国的背景下呈现边际改善的趋势，为行业发...,苏多永,推荐,26,2025-06-29,财**钥,1,2025-06-29 01:10:53,,
行业分析,艾瑞咨询-2025年中国电竞行业研究报告-250628,市场发展：2024年中国电竞市场规模约为1790亿元，同比增长5.5%，电竞产业展现出稳健的发展态势。同时，2024年中国电竞用户规模约为5.11亿人，用户规模基本稳定在较高水...,,,31,2025-06-28,gre****hn,1,2025-06-29 01:10:53,,
行业分析,国信证券-LCD行业月报：京东方拟收购彩虹光电30%股权，行业竞争格局优化-250628,"行情&业绩回顾：2025年5月至今面板(申万)指数上涨3.54%，1Q25中国主要LCD厂商平均毛利率同环比提升
　　行情回顾：2025年5月至今面板(申万)指数上涨3.54%...",胡剑，胡慧，叶子,优于大市,22,2025-06-28,ale****ht,1,2025-06-29 01:10:53,,
行业分析,国信证券-纺织服装行业海外跟踪系列六十一：耐克管理层指引最差时间已过，2026财年有望逐季改善-250628,"事项：
　　公司公告：2025年6月27日，耐克披露截至2025年5月31日的2025财年及第四季度业绩：2025财年公司实现收入463亿美元，同比-10%，不变汇率口径-9%...",丁诗洁，刘佳琪,优于大市,11,2025-06-28,d**y,1,2025-06-29 01:10:53,,
行业分析,华福证券-机械设备行业：英伟达入局核能，硅谷掀起核电投资潮-250628,"投资要点：
　　比尔·盖茨泰拉能源获6.5亿美元融资，英伟达首涉核电领域
　　比尔·盖茨担任董事长的泰拉能源近日完成6.5亿美元融资，英伟达作为新投资方首次进入核电领域。这家专...",俞能飞，唐保威,强于大市,2,2025-06-28,qin****79,1,2025-06-29 01:10:53,,
行业分析,华福证券-轨交设备行业：渝厦高铁重庆东至黔江段开通运营，构建区域快速交通新枢纽-250628,"投资要点：
　　时速350公里，串联多区县实现高效通勤
　　6月27日10:12，G8699次列车从重庆东站出发，标志着渝厦高铁重庆东至黔江段正式开通。线路全长242公里，设计...",俞能飞，唐保威,强于大市,2,2025-06-28,shu****98,1,2025-06-29 01:10:53,,
行业分析,国信证券-电力设备新能源行业：风电产业链周度跟踪（6月第4周）-250628,"【行业要闻】 
　　2025年至今，全国风机累计公开招标容量39.2GW（-15%），其中陆上风机公开招标容量36.2GW（-14%），海上风机公开招标容量3.1GW（-23%...",王蔚祺，王晓声,优于大市,13,2025-06-28,lul****88,1,2025-06-29 01:10:53,,
行业分析,爱建证券-智能汽车行业点评：小米YU7发布即爆单，供给撬动需求-250628,"投资要点：
　　6月26日，小米YU7发布，标准版定价25.35万，Pro版27.99万，Max版32.99万元，定位运动风格。上市1小时，大定突破289000台。
　　产品力...",吴迪,强于大市,9,2025-06-28,tell******not,1,2025-06-29 01:10:53,,
行业分析,国信证券-电力设备新能源行业：AIDC电力设备/电网产业链周度跟踪（6月第4周）-250628,【AIDC电力设备】参考IEA预测，我们预计2025-2030年全球新增AI算力负载为9.7/15.9/20.2/22.3/23.4/24.6GW。数据中心配套电力设备容量一般...,王蔚祺，王晓声,优于大市,22,2025-06-28,cli****ao,1,2025-06-29 01:10:53,,
行业分析,华福证券-机械设备行业：Grok即将赋能Optimus V3，华为云首批具身智能核心伙伴亮相-250628,"投资要点：
　　马斯克宣布特斯拉Optimus V3人形机器人将集成Grok语音助手
　　特斯拉CEO马斯克于X平台透露，Optimus V3人形机器人将整合Grok语音助手，...",俞能飞，唐保威,强于大市,2,2025-06-28,lic****wf,1,2025-06-29 01:10:53,,
行业分析,国信证券-通信行业2025年7月投资策略：互联网云厂重视ASIC自研芯片投入，AI算力高景气度延续-250628,2025年6月行情回顾：板块强于大市。6月沪深300指数全月上涨2.12%，通信（申万）指数全月上涨11.97%，强于大盘，在申万31个一级行业中排名第1名。各细分领域普遍上涨...,袁文翀,优于大市,25,2025-06-28,wsm****ve,1,2025-06-29 01:10:53,,
行业分析,华福证券-煤炭行业：日耗上升&铁水坚挺，煤价反弹开启-250628,"动力煤
　　截至2025年6月27日，秦港5500K动力末煤平仓价620元/吨，周环比+1.8%，内蒙古、山西产地价微涨、陕西产地价小涨。截至2025年6月22日晋陕蒙三省煤矿...",汤悦,强于大市,22,2025-06-28,syw****hd,1,2025-06-29 01:10:53,,
行业分析,国信证券-电力设备新能源行业海上风电专题研究之四：十五五国内海风开发稳步推进，欧洲和日韩海风蓄势待发-250628,全球风能理事会（GWEC）于2025年6月表示，海上风电行业在2024年新增了8GW的并网装机容量，为历史第四高的年份。同时2024年各国政府就海上风电项目拍卖了创纪录的56G...,王蔚祺，王晓声,优于大市,35,2025-06-28,wcs****05,1,2025-06-29 01:10:53,,
行业分析,华鑫证券-计算机行业点评报告：优步（UBER.O），战略技术攻坚筑壁垒，生态破局启新程-250627,"事件
　　2025年5月7日，优步(UBER)公布2025年第一季度财报显示，营收总收入为115亿美元，同比增长14%（按固定汇率计算增长17%）。
　　投资要点
　　▌25年...",宝幼琛,推荐,4,2025-06-28,lly****88,1,2025-06-29 01:10:53,,
行业分析,太平洋证券-医药行业日报：Opus老花眼眼药水MR~141三期临床成功-250627,"市场表现：
　　2025年6月27日，医药板块涨跌幅+0.26%，跑赢沪深300指数0.87pct，涨跌幅居申万31个子行业第14名。各医药子行业中，医疗研发外包(+1.06%...",周豫，张崴,看好,3,2025-06-28,sup****xp,1,2025-06-29 01:10:53,,
行业分析,致趣·百川-B2B行业企业微信应用洞察白皮书-250628,"对营销人员的专业化要求突出
　　B2B领域的产品服务通常具备技术门槛高、解决方案集成性强等特点，这对营销团队的业务理解能力提出严苛要求。
　　营销人员需要完全理解产品背后对于用...",,,29,2025-06-28,chen******346,1,2025-06-29 01:10:53,,
行业分析,联合资信-零售行业2025年半年度总结及展望-250628,2024年，社零增速放缓，在储蓄意愿增强以及外部宏观环境影响下，零售市场消费需求不足，消费信心仍有待提振。其中，网络零售仍为消费增长的主要驱动力，但增速有所放缓；百货业态增长乏...,,,15,2025-06-28,wuha******yue,2,2025-06-29 01:10:54,,
行业分析,智研咨询-2025年中国润滑油行业市场供需态势及未来前景研判报告-250628,"用于机械减摩、冷却及清洁，可按多种标准分类
　　润滑油是用于机械设备中减少摩擦、降低磨损、冷却、防锈和清洁的液体或半固体物质。基核心功能是通过形成油膜隔离运动部件，避免直接接触...",,,55,2025-06-28,yek****04,2,2025-06-29 01:10:54,,
行业分析,红餐产业研究院-餐饮行业：粥品品类发展报告2025-250628,本报告在红餐大数据的基础上，综合红餐产业研究院的桌面研究、调研数据、专家意见等，对粥品品类的相关资料进行整理分析。从粥品品类的发展、细分赛道及主要品牌的发展情况、品类机会等角度...,张琦，黄壁连，周容,,28,2025-06-28,ty***w,2,2025-06-29 01:10:54,,
行业分析,城市测量师行-房地产行业：超212亿元！第五批次集中供地收官，浦东曹路地块溢价率近42%-250628,"交易结果
　　今年上海第五批次集中供地交易活动于2025年6月20日落下帷幕。
　　第五批次集中土拍共出让6幅涉宅用地，起始总价192.47亿元，出让面积31.4万平方米。最终...",,,5,2025-06-28,yx***n,2,2025-06-29 01:10:54,,
行业分析,城市测量师行-房地产行业：数据发布，2025年6月上海市住宅价格-250628,"RVMS系统监测：2025年6月上海市住宅小区基价均值为52,175元/平方米，环比下跌0.44%，同比下跌7.55%。
　　2025年6月1日，上海市存量住宅均价继续下行。
...",,,5,2025-06-28,XIAO******765,2,2025-06-29 01:10:54,,
行业分析,城市测量师行-房地产行业：2025年5月上海土地招拍挂市场-250628,"四批次集中供地揽金97亿元，常态化供地市场回归“本色”
　　5月，上海第四批次集中供应的涉宅用地成功出让，成交总价约97亿元。
　　常态化供地市场回归平稳状态，成交总面积约28...",,,6,2025-06-28,东**景,2,2025-06-29 01:10:54,,
行业分析,城市测量师行-房地产行业：办公市场分析，临空区块-250628,临空区块作为上海虹桥临空经济示范区的核心商务办公集聚区，紧邻虹桥综合交通枢纽，依托轨道交通网络与定制化通勤巴士系统，同步衔接虹桥国际机场、高铁枢纽及G2京沪高速、G50沪渝高速...,,,8,2025-06-28,gav****20,2,2025-06-29 01:10:54,,
行业分析,城市测量师行-房地产行业：2025年5月上海商办买卖市场-250628,"商办物业新增供应总面积与成交总面积均延续下行趋势
　　5月，上海商办物业新增供应总面积持续大幅下降，合计约2.1万平方米，环比降幅为50%。分类来看，商业物业共有六个区域有新增...",,,9,2025-06-28,ajh****02,2,2025-06-29 01:10:54,,
行业分析,嘉世咨询-2025中国低空经济行业市场现状报告-250628,中国低空经济作为战略性新兴产业，正迎来前所未有的发展机遇。本报告旨在全面剖析中国低空经济的市场现状、产业链结构、核心应用场景、竞争格局，并研判其未来发展趋势与面临的挑战。研究核...,,,47,2025-06-28,新***,2,2025-06-29 01:10:54,,
行业分析,城市测量师行-房地产行业：2025年5月上海住宅买卖市场-250628,"01新房市场供应发力，成交同环比均有小幅上涨
　　5月，开发商加快推盘节奏，共计42个项目入市，较4月增加13个。5月开盘项目环线分布基本与4月一致，外环内外占比各半。但多个单...",,,8,2025-06-28,wty****29,2,2025-06-29 01:10:54,,
行业分析,InfoQ研究中心-人工智能行业：中国大模型落地应用研究报告2025-250628,"七年技术进化全景图：模型进推理纪元
　　2017年以来，模型已历经诸多关键时期，从本到图、频、视频，从单纯的对话到代码和终端。推理成本的幅下降也助推了模型技术的泛应。在2025...",,,56,2025-06-28,zj***1,2,2025-06-29 01:10:54,,
行业分析,HERO-零食行业：零食集合店库存周转率提升方案-250628,"概念闸阐释
　　库存周转率是衡量企业在一定时期内库存商品周转速度的指标，它直观反映了企业库存管理的效率，体现企业将库存转化为销售收入的能力，
　　实际意义
　　较高的库存周转率...",,,43,2025-06-28,ange******ong,2,2025-06-29 01:10:54,,
行业分析,Flywheel-2025年护肤行业新品洞察-250628,"消费者注意力碎片化，看似越来越无脑，实则构建了生态体系
　　生态体系下，品牌需要尊重消费者真实需求，通过新品建立长期生意壁垒
　　挖掘消费者真实需求，通过创新不断拓宽增长边界
...",,,39,2025-06-28,s**o,2,2025-06-29 01:10:54,,
行业分析,落基山研究所-金属行业：推进清洁金属（英译中）-250628,印度尼西亚快速扩张的镍和铝加工是该国关键矿产“下游化”战略的核心。该战略在印度尼西亚更广泛的发展议程中发挥核心作用，旨在通过促进国内加工和精炼来增加国内资源的附加值。在此背景下...,Rizky Fauzianto，安迪卡，Akbar Hermawan,,29,2025-06-28,ec***y,2,2025-06-29 01:10:54,,
行业分析,落基山研究所-电动汽车行业：插电，推进印度电动汽车基础设施建设（英译中）-250628,印度电动汽车充电基础设施行业正处在一个关键的拐点，印度电力分销公司（DISCOMs）有望发挥关键作用。尽管势头正在增强，2023年电动汽车占印度所有汽车销售的6.4%，但它们在...,瓦斯塔瓦迪姆皮·苏涅，切尔·索特伊尚尼·斯瑞,,25,2025-06-28,家**贝,2,2025-06-29 01:10:54,,
行业分析,埃森哲-保险业跑赢者如何应对变化（英译中）-250628,"保险行业变化是常态——但清晰度并非如此。大多数保险公司以“转型”为宏大旗帜发起举措，然而只有少数将这种雄心转化为可衡量的收益。
　　在地区政治风险加剧和全球贸易动态日益复杂的背...",杰夫·米奇，哈立德·拉哈鲁伊,,17,2025-06-28,dwz1******705,2,2025-06-29 01:10:54,,
行业分析,国信证券-电力设备新能源行业锂电产业链双周评（6月第2期）：固态电池产业化持续加速，消费电池掺硅比例稳步提升-250628,"【行业动态】
　　固态电池产业化加速推进：设备端，赢合科技固态电池湿法涂布、辊压以及电解质转印设备顺利出货至国内头部客户，先导智能向客户成功交付固态电池用复合转印设备与高速叠片...",王蔚祺，徐文辉，李全,优于大市,20,2025-06-28,xia****12,2,2025-06-29 01:10:54,,
行业分析,太平洋证券-轻工行业周报（20250623~20250627）：M5电子烟出口高增，轻工企业全球化布局加速-250627,"2025M5电子烟出口金额较大幅增长，强监管趋势下合规生产的头部企业有望受益。
　　1）行业规模及空间：根据贝哲斯咨询，2024年全球电子烟市场规模350亿美元（2024-20...",孟昕，赵梦菲,看好,14,2025-06-28,蜗***,2,2025-06-29 01:10:54,,
行业分析,太平洋证券-房地产行业日报：杭州土拍6宗地总收金151.15亿-250627,"市场行情：
　　2025年6月27日，今日权益市场各版块变化不一，上证综指下跌0.70%，深证综指上涨0.38%，沪深300下跌0.61%，中证500上涨0.44%。申万房地产...",徐超，戴梓涵,中性,4,2025-06-28,Trac******222,2,2025-06-29 01:10:54,,
行业分析,东吴证券-保险行业5月月报：寿险保费增速持续向好，财险业务表现稳健-250627,"投资要点
　　5月单月人身险公司保费同比+16.6%，较4月增速继续提升。1）2025年1-5月人身险原保费24473亿元，同比+3.7%，规模保费27943亿元，同比+2.6...",孙婷，曹锟,增持,5,2025-06-28,lan****ui,2,2025-06-29 01:10:54,,
行业分析,东吴证券-电子行业深度报告：端侧AI重构终端生态，硬件升级驱动换机潮，多设备协同催生商业模式跃迁-250626,"投资要点
　　智能体构建全新交互中枢，终端流量入口重塑：AI智能体通过“决策（LLM）+记忆+规划+工具”构建智能闭环，正逐步重塑终端交互中枢，成为新一代超级入口核心。其发展沿...",陈海进，陈妙杨,增持,29,2025-06-27,s**t,3,2025-06-29 01:10:56,,
行业分析,光大证券-游戏行业跟踪研究报告：25M5行业维持较高景气度，展望暑期重点新品密集进展-250627,"事件：25年6月20日，作为中国游戏产业研究院战略合作伙伴，伽马数据公布25M5中国游戏产业市场规模、中国自研游戏出海市场规模等跟踪数据。
　　本土：中国游戏市场延续较高景气度...",付天姿，赵越,买入,5,2025-06-27,li***4,3,2025-06-29 01:10:56,,
行业分析,财通证券-汽车行业小米YU7上市点评：定价25.35万元起，1小时大定突破28.9万台-250627,"核心观点
　　事件：2025年6月26日，小米YU7正式上市，小米YU7定价25.35万元，小米YU7 Pro定价27.99万元，小米YU7 Max定价32.99万元。
　　强...",邢重阳，李渤,看好,2,2025-06-27,ol***a,3,2025-06-29 01:10:56,,
行业分析,东方证券-机械设备行业机器人产业跟踪：Optimus Gen3即将亮相，量产节奏释放积极信号，有望驱动板块持续上行！-250627,"核心观点
　　马斯克官宣Optimus Gen3即将登场，产业并非是“推倒重来”的颠覆重构，而是“整装再出发”的迭代升级。尽管近期板块受市场情绪及短期事件扰动呈现较大波动，但我...",杨震，丁昊,看好,6,2025-06-27,huxu******526,3,2025-06-29 01:10:56,,
行业分析,江海证券-汽车行业：小米YU7订单超预期，重视产业链零部件标的-250627,"事件：
　　6月26日，小米集团举行米人车家全生态发布会，本次发布会新品颇多，包括小米YU7、小折旗舰MIXFlip 2、AI眼镜，以及可穿戴设备。汽车方面，小米YU7标准版2...",张诗瑶,增持,3,2025-06-27,t**z,3,2025-06-29 01:10:56,,
行业分析,东吴证券-2025H2汽车行业投资策略：破旧立新-250627,2025H1汽车行业复盘总结：汽车基本面韧性依然足，AI成长风格标的表现超出预期。因以旧换新政策1月很好衔接背景下，汽车各子版块上半年基本面兑现总体是符合预期的，个别子领域有...,黄细里,,71,2025-06-27,stev******988,3,2025-06-29 01:10:56,,
行业分析,五矿证券-汽车行业特斯拉Robotaxi跟踪（一）：首“秀”波澜不惊，长期优势明显-250627,"事件描述
　　6月22日，在德州奥斯汀的限定区域，特斯拉将10多台Model Y开放了有安全员的Robotaxi运营服务，对象为受邀用户20多人，这是特斯拉Robotaxi的首...",顾思捷，张娜威,看好,4,2025-06-27,xie****ui,3,2025-06-29 01:10:56,,
行业分析,爱建证券-啤酒行业跟踪报告：啤酒进入消费旺季，燕京啤酒U8放量-250627,"投资要点：
　　啤酒进入消费旺季，行业有望回暖。随着气温升高，啤酒消费进入旺季，啤酒行业具备多重利好，行业有望回暖。1）啤酒销量同比增速有望改善。2024年，啤酒行业整体受到餐...",范林泉,强于大市,4,2025-06-27,kfz****01,3,2025-06-29 01:10:56,,
行业分析,国联民生证券-非银行业：券商加速布局虚拟资产交易服务的图景扫描-250627,"当前稳定币交易额已超过Visa
　　根据Artemis数据，截至2025年5月初，稳定币市场总规模约为2472亿美元。稳定币平均滚动调整交易额达2.29万亿美元，分别约为Vis...",刘雨辰，耿张逸,强于大市,24,2025-06-27,哼***,3,2025-06-29 01:10:56,,
行业分析,东兴证券-农林牧渔行业：宠物618战报出炉，国产品牌持续霸榜-250627,618收官，宠物消费表现强劲。电商平台618购物节收官，各家平台陆续披露宠物类目618战绩，今年大促周期进一步拉长。根据星图监测数据显示，2025年618期间综合电商平台累积销...,程诗月,看好,10,2025-06-27,w**p,3,2025-06-29 01:10:56,,
行业分析,中山证券-2025年汽车行业年中展望：内销出口双轮驱动，智能驾驶长坡厚雪-250618,"◎投资要点：
　　SW汽车跑赢沪深300指数。汽车板块震荡调整的主要原因有：1）2024年板块强势表现得到延续，继续跑赢沪深300；2）年初行业库存压力较大，销售端需要通过价格...",王曦,,21,2025-06-27,z**u,3,2025-06-29 01:10:56,,
行业分析,东兴证券-石油石化行业油服工程：全球油气上游资本开支仍将保持较高景气度，带动油服工程盈利增长-250627,"2024年以来至2025第一季度，海外通胀减缓，国内经济缓慢修复，油服工程板块盈利表现亮眼。
　　2024年以来，美国通胀压力有所减缓，CPI同比上涨幅度逐步下降，截至年底低于...",莫文娟,看好,11,2025-06-27,4**8,3,2025-06-29 01:10:56,,
行业分析,中山证券-电子行业周报：小米华为TWS耳机国内市场份额提高-250626,"投资要点：
　　●长鑫存储市场份额有望继续提高。市场分析机构Counterpoint预测称，DRAM内存企业长鑫存储今年将在去年大幅增产的基础上产能进一步同比增长近50%；而到...",葛淼,,10,2025-06-27,jiao******012,3,2025-06-29 01:10:56,,
行业分析,东莞证券-汽车行业双周报：小米YU7正式发布，特斯拉Robotaxi自动驾驶开启服务-250627,申万汽车行业指数涨跌幅：截至2025年6月26日，申万汽车板块近两周下跌1.66%，跑输沪深300指数3.04个百分点，在申万31个行业中排名第24名；申万汽车板块从6月初至今...,刘梦麟,超配,14,2025-06-27,w33****00,3,2025-06-29 01:10:56,,
行业分析,山西证券-202506光伏行业月度报告：5月光伏新增装机同比增长388%，组件、逆变器出口额环比增长-250627,"投资要点：
　　国内光伏新增装机：受抢装影响，5月新增装机同、环比持续高速增长。根据国家能源局数据，2025年5月国内光伏新增装机92.9GW，同比+388.0%，环比+105...",肖索，贾惠淋,同步大市-A,11,2025-06-27,dzh****98,3,2025-06-29 01:10:56,,
行业分析,58安居客研究院-房地产行业：城市更新|中央财政支持城市更新？钱并不好拿-250627,“城市更新”是今年上半年的一个政策热点，也是下阶段新型城镇化建设的重要发力点。5月份中共中央办公厅、国务院办公厅发布了《关于持续推进城市更新行动的意见》，明确了城市更新行动路线...,,,3,2025-06-27,wen****34,3,2025-06-29 01:10:56,,
行业分析,58安居客研究院-房地产行业：好房子|得房率破局！多城放宽阳台等计容规则，购房者利好解析-250627,"在房地产市场中，得房率始终是购房者关注的核心焦点。
　　当房价处于高位运行时，每提升1%的得房率都意味着购房成本的实质性降低与居住空间的拓展。
　　无论是刚需群体计算首付与使用...",,,8,2025-06-27,jial******077,3,2025-06-29 01:10:56,,
行业分析,高工氢电产业研究所-绿氢行业：2025中国绿氢产业发展蓝皮书-250627,"国家及地方氢能产业政策
　　2024年11月8日，《中华人民共和国能源法》正式发布，首次将氢能明确纳入能源管理体系。作为我国能源领域的基础性、统领性法律，能源法明确国家将积极有...",,,84,2025-06-27,che****ru,3,2025-06-29 01:10:56,,
行业分析,财信证券-电力设备行业点评：出海布局海工基地、半年报业绩预增，继续看好风电设备下半年行情-250626,广大特材：预告2025年上半年实现净利润约2亿元，同增368%。经财务部门初步核算，预计公司2025年半年度实现营收25亿元左右，同比+32.91%；预计实现归母净利润2亿元左...,袁玮志,领先大市,2,2025-06-27,123****rd,3,2025-06-29 01:10:56,,
行业分析,奥纬咨询-航空行业：史基浦机场的安全革命重新定义了航空旅行安全（英译中）-250627,安检是机场的一项基础且往往是耗时最长的活动，是保障旅客安全的第一道防线。在新冠疫情的背景下，全球机场在应对后疫情恢复的复杂局面时面临前所未有的挑战。其中，作为欧洲第三大机场的阿...,弗朗切斯科·巴斯蒂亚，提图斯·泽尔特克鲁斯,,20,2025-06-27,hjs****ai,3,2025-06-29 01:10:56,,
投资策略,国信证券-多元资产配置系列：红利资产替代能否破局低利率？-250628,低利率环境下，红利资产可以对债券形成较好补充，但考虑风险收益特征后难以完全平替。1）收益率视角：历史上利率下台阶阶段，红利资产赔率抬升，当前红利低波股息率在6%以上，10年期国...,陈凯畅，王开,,24,2025-06-28,zc***0,1,2025-06-29 01:10:59,,
投资策略,华西证券-估值周报：最新A股、港股、美股估值怎么看？-250628,"风险提示
　　政策效果不及预期
　　企业盈利不及预期
　　海外黑天鹅事件（政治风险、主权评级下调等）
　　市场波动过大...",李立峰，冯逸华,,38,2025-06-28,xue****ng,1,2025-06-29 01:10:59,,
投资策略,华金证券-七月继续震荡，风格偏均衡-250628,A股7月表现偏震荡，主要受基本面、政策和外部事件、流动性等因素影响。（1）2010年以来15年中有8次上证综指7月上涨。（2）影响A股7月走势的主要因素是基本面、政策和外部事...,邓利军,,15,2025-06-28,mu***n,1,2025-06-29 01:10:59,,
投资策略,光大证券-策略周专题（2025年6月第4期）：2025年上半年市场回顾，蓄势跃升-250628,"本周A股收涨
　　本周A股收涨。本周A股主要宽基指数均收涨，创业板指、中证500等指数涨幅靠前，上证50、上证指数涨幅靠后。从市场风格来看，本周主要风格指数均收涨，小盘成长、中...",张宇生，郭磊,,19,2025-06-28,嫩**狗,1,2025-06-29 01:10:59,,
投资策略,华西证券-海外策略周报：英伟达高管月内多次减持，港股走势分化-250628,全球市场一周主要观点:受以色列和伊朗地缘问题暂时缓和的消息提振，本周多数市场出现反弹，但是地缘问题对于大多数市场走势不能起到决定性作用，估值、经济基本面、货币政策等等核心因素对...,王一棠,,12,2025-06-28,il***y,1,2025-06-29 01:10:59,,
投资策略,东吴证券-策略周评：指数突破新高后，市场怎么走？-250628,"近期市场呈现三大现象
　　现象一：沪指“三连阳”创年内新高后，资金急于寻找理由，但找到的理由似乎都不足以解释这轮上涨。
　　现象二：上周（6/16-6/20，下同）路演交流中，...",陈刚，蒋珺逸,,6,2025-06-28,毛**永,1,2025-06-29 01:10:59,,
投资策略,东吴证券-每周主题、产业趋势交易复盘和展望：“科技自立自强”，重视自主可控-250628,"大盘表现
　　本周全A日均成交1.49万亿，较上周放量超2700亿
　　本周市场风格表现
　　本周小盘风格、成长风格占优
　　市值风格：以滚动30个交易日的相对收益表现看，小盘...",陈刚,,19,2025-06-28,pxd****06,1,2025-06-29 01:10:59,,
投资策略,太平洋证券-策略日报：强弱-250627,"大类资产跟踪
　　利率债震荡上行。今日股跌债涨，但股市未跌破强弱支撑前（周一低点），仍以股市趋势上涨，债市震荡调整来看待。股市方面上证指数放量突破颈线压制，且呈均线排列结构，虽...",张冬冬，徐梓铭,,13,2025-06-28,bsm****03,1,2025-06-29 01:10:59,,
投资策略,国信证券-北交所专题：流动性显著改善，市场认可度不断提升-250627,"核心观点
　　北证A股上市公司业绩整体情况。2024年，北证A股营业收入合计1819.81亿元，归母净利润合计112.56亿元。近三年来，北证A股的营收合计水平均维持在1800...",王学恒，陶鹂春,,21,2025-06-27,a59****42,1,2025-06-29 01:10:59,,
投资策略,华宝证券-跨国多元化配置探析系列之一：在波动中筑盾，于机遇处执矛-250627,本文我们以沪深300全收益指数代表A股，标普500全收益指数（以人民币计价）作为海外资产的代表，发现无论是2025年以来，还是近五年累计来看，在组合中纳入美股有效提升了整体组合...,蔡梦苑，刘芳,,8,2025-06-27,hoy****dy,1,2025-06-29 01:10:59,,
投资策略,国联民生证券-主动型基金如何选择业绩比较基准？-250627,"当前国内面临的业绩比较基准发展格局
　　欧美成熟市场和国内监管机构均对基金产品的业绩比较基准进行了相应的规定，在业绩比较基准的必要性、适用性和规范性等方面存在一定共识。国内业绩...",邓宇林，包承超，吴安东,,29,2025-06-27,liw****11,1,2025-06-29 01:10:59,,
投资策略,国金证券-政策与战略专题报告：量子科技，产业革命核心赛道，投资风口将至-250626,"基本内容
　　量子技术是大国科技竞争的核心赛道，已连续三年被写入政府工作报告，政策引导下，中国政府持续加大投入力度，2024年相关投入超20亿美元，位居全球首位。
　　1、量子...",夏昌盛，樊志远，杨佳妮,,34,2025-06-27,coo****63,1,2025-06-29 01:10:59,,
投资策略,国金证券-2025年权益中期投资策略：新的循环-250625,"主要结论
　　2020年以来，中股美债成为“最大输家”，背后反映的是中美处于镜像的两个循环：中国缺失资本回报，而美国则牺牲政府信用。中国的制造业新增产能压力终于开始回落，但产能...",牟一凌,,57,2025-06-27,d**d,1,2025-06-29 01:10:59,,
投资策略,源达信息-宏观策略周报：六部门联合印发《关于金融支持提振和扩大消费的指导意见》，助力市场信心回升-250627,"资讯要闻
　　1.6月24日，为推动大力提振消费，中国人民银行等六部门对外发布《关于金融支持提振和扩大消费的指导意见》，推出19条举措，聚焦消费重点领域和环节，强化商品消费和服...",李向梅,,11,2025-06-27,zhe****ke,1,2025-06-29 01:10:59,,
投资策略,粤开证券-粤开市场日报-250627,"今日关注
　　指数涨跌情况：今日A股主要宽基指数涨多跌少。截止收盘，沪指跌0.70%，收报3424.23点；深证成指涨0.34%，收报10378.55点；创业板指涨0.47%，...",孟之绪,,6,2025-06-27,bel****15,1,2025-06-29 01:10:59,,
投资策略,万联证券-2025年6月策略月报：金融加力支持高质量发展-250627,"投资要点：
　　6月A股主要股指普遍上涨：截至6月25日收盘，上证综指收报3,455.97点，较5月末上涨3.24%。分结构看，本月A股主要股指普遍上涨。其中，上证50、沪深3...",宫慧菁,,16,2025-06-27,fana******999,1,2025-06-29 01:10:59,,
投资策略,慧博智能投研-慧博研报炼金之研报头条精华：对当前政策的判断-250627,"国内——对当前政策的判断
　　去年以来，政策的核心逻辑始终围绕平衡短期目标和长期目标展开。
　　从当前内外部环境看，实现短期目标的压力较小。
　　近期，消费、地产、改革、科技等...",慧博智能投研,,19,2025-06-27,慧博,1,2025-06-29 01:10:59,,
投资策略,天风证券-微观流动性跟踪：银行大规模定增-250627,投资要点：六月伊以冲突逐步缓和，美联储已有两位官员表示可能尽快降息，同时中美贸易依然处于谈判阶段，外围风险暂缓。从资金面来看，偏股型公募基金新发份额较上期回暖，存量股票型ETF...,吴开达，林晨,,14,2025-06-27,wmh****88,1,2025-06-29 01:10:59,,
投资策略,开源证券-北交所策略专题报告：北交所新质生产力后备军筛选系列二十，关注英氏控股、新恒泰等-250626,"北交所“后备军”113家，分布在高端装备制造等新质生产力行业中
　　至2025年6月23日，北交所已有113家公司获受理，覆盖高端装备制造、TMT、化工新材料、消费、生物医药等...",诸海滨,,29,2025-06-27,yany******009,1,2025-06-29 01:10:59,,
投资策略,国金证券-国际关系动态报告：国金地缘政治周观察|美军下场后中东局势走向何方-250625,"核心观点
　　地缘动向复盘：6月13日，以色列对伊朗核设施、军队高层、关键基础设施发动突然袭击，新一轮伊以冲突爆发。6月22日，美国总统特朗普宣布，已成功对伊朗的三个核设施发动...",杨佳妮,,10,2025-06-27,pia****ng,1,2025-06-29 01:10:59,,
投资策略,东吴证券-北交所定期报告：国家发改委推动以工代赈和消费品以旧换新，北证指数成交额持续回弹-250626,资本市场新闻：1）国家发改委：以工代赈解决了38万人就业，将继续提高用工规模。国家发改委着力通过以工代赈保障和改善民生就业，同时密切关注新能源消纳能力提升问题，采取一系列相关措...,朱洁羽，易申申，余慧勇,,8,2025-06-26,wdy****07,2,2025-06-29 01:11:00,,
投资策略,国金证券-政策与战略组2025中期策略报告：藏器于身，待时而动，顺势而为-250626,"自由主义国际秩序瓦解，全球产业链加速重构
　　美国特朗普政策成为全球不确定性中的关键变量，自由主义国际秩序进一步瓦解，但新的秩序尚未定型，2025下半年国际形势混乱加剧，国际权...",杨佳妮,,12,2025-06-26,fbx****23,2,2025-06-29 01:11:00,,
投资策略,粤开证券-粤开市场日报-250626,"今日关注
　　指数涨跌情况：今日A股主要宽基指数多数上涨。截止收盘，沪指跌0.22%，收报3448.45点；深证成指跌0.48%，收报10343.48点；创业板指跌0.66%，...",孟之绪,,6,2025-06-26,fe***i,2,2025-06-29 01:11:00,,
投资策略,江海证券-投资策略研究报告：稳定币为代表的虚拟资产有望带来持续投资机会-250626,◆何谓稳定币：美国证券交易委员会（SEC）认为，稳定币是一种旨在相对于参考资产（如美元或其他法定货币、黄金等商品或一篮子资产）保持稳定价值的加密资产。其通常以1:1的比例与参考...,徐圣钧,,4,2025-06-26,ame****25,2,2025-06-29 01:11:00,,
投资策略,慧博智能投研-慧博研报炼金之研报头条精华：稳定币将如何影响全球货币体系？-250626,"国际——稳定币将如何影响全球货币体系？
　　（一）什么是稳定币？——稳定币和其他“货币”的异同
　　自2009年比特币诞生以来，加密货币不断发展壮大，目前已形成支付型加密货币（...",慧博智能投研,,22,2025-06-26,慧博,2,2025-06-29 01:11:00,,
投资策略,天风证券-行业比较周报：券商异动后，军工/科技补涨的胜率&赔率-250626,"核心结论：
　　1）历史复盘看，券商异动+上证突破后，15交易日内科技风格胜率较高（胜率100%），平均收益约9%，盈亏比较券商更划算，券商胜率较低，且收益主要由14年11月的...",吴开达，孙希民,,8,2025-06-26,hr***j,2,2025-06-29 01:11:00,,
投资策略,天风证券-产业赛道与主题投资风向标：陆家嘴论坛聚焦科创与开放，电池和稳定币概念表现强势-250626,市场回顾：指数窄幅震荡，电池及稳定币相关概念表现强势。本周（6.16-6.20），全A小幅下跌0.76%，延续窄幅震荡格局。板块方面，覆铜板领涨，电池稳定币概念表现强势，创新药...,吴开达，肖峰,,74,2025-06-26,kaik******nli,2,2025-06-29 01:11:00,,
投资策略,华安证券-市场点评：再论“向上的契机”-250626,"主要观点
　　市场异动
　　6月25日市场大涨，其中上证指数收涨1.04%，创业板指收涨3.11%。全A成交额1.64万亿，较昨日继续增加0.19万亿，放量13%。行业层面，除...",郑小霞，刘超,,3,2025-06-26,gx***x,2,2025-06-29 01:11:00,,
投资策略,万联证券-2025年中期策略投资报告：固本强基，向新向好-250625,2025上半年A股市场回顾：年初以来同花顺全A走势呈现类“N”字型。上半年以来A股主要宽幅指数涨跌不一。从市场风格看，五大风格指数中，除稳定风格指数外，其余风格指数均上涨。分行...,宫慧菁,,33,2025-06-25,Mich****** Lu,2,2025-06-29 01:11:00,,
投资策略,东吴证券-北交所定期报告：市场监管总局，加快制定各项规范性文件-250625,资本市场新闻：1）市场监管总局：要加快制定《市场监管统计数据质量管理体系》等规范性文件。6月25日，市场监管总局党组书记、局长罗文主持总局党组理论学习中心组2025年第五次集体...,朱洁羽，易申申，余慧勇,,7,2025-06-25,huon******013,2,2025-06-29 01:11:00,,
投资策略,太平洋证券-策略日报：价波同涨，年内新高-250625,"大类资产跟踪
　　债券市场利率债高开低走，股债跷跷板效应延续。股市方面上证指数放量突破颈线压制，且呈均线排列结构，虽然基本面的疲弱仍将支撑债市，但股市若继续走强仍将压制债市表现...",张冬冬，徐梓铭,,13,2025-06-25,XU02******081,2,2025-06-29 01:11:00,,
投资策略,粤开证券-市场日报-250625,"投资要点
　　今日关注
　　指数涨跌情况：今日A股主要宽基指数全数上涨。截止收盘，沪指涨1.04%，收报3455.97点；深证成指涨1.72%，收报10393.72点；创业板指...",孟之绪,,6,2025-06-25,fh***1,2,2025-06-29 01:11:00,,
投资策略,财通证券-全球大类资产策略：AH是大类更优选-250625,"市场表现：地缘冲突下金油领跑（5.16-6.15）
　　全球资产：金油领跑，美元走弱；权益端美股也延续上涨，中欧偏弱；利率走势：美债利率震荡向下，中债利率延续走弱。
　　影响较...",李美岑，张洲驰,,23,2025-06-25,ju***2,2,2025-06-29 01:11:00,,
投资策略,慧博智能投研-慧博研报炼金之研报头条精华：“ 十五五” 前瞻，迈向 2035的关键“ 五年”-250625,"国内——“十五五”前瞻：迈向2035的关键“五年”
　　（一）如何理解历次五年规划？
　　国民经济和社会发展五年规划，是我国国民经济和社会发展的重要中长期计划，为国民经济和社会...",慧博智能投研,,23,2025-06-25,慧博,2,2025-06-29 01:11:00,,
投资策略,国投证券-眼下：确也有点像2019了-250625,面向下半年来看，对于后续市场大致有三类设想：2019年大盘“俯卧撑”但消费+科技交织轮动、2020年经济复苏“小牛市”、2024年市场“二次探底”，我们认为类比2019年接受度...,林荣雄,,15,2025-06-25,joyc******227,2,2025-06-29 01:11:00,,
投资策略,财信证券-房地产市场高频数据周报（06.23~06.29）-250624,"投资要点
　　周度观点：（1）市场表现，房地产市场成交热度环比上行，有所分化，二线城市表现活跃。2025年6月16日至2025年6月22日，30大中城市商品房成交面积环比上行，...",黄红卫,,14,2025-06-25,ggg****yy,2,2025-06-29 01:11:00,,
投资策略,华金证券-事件点评：提振消费政策可能进一步支撑股市-250624,"投资要点
　　事件：2025/6/24，六部门联合印发《关于金融支持提振和扩大消费的指导意见》。
　　供需两端齐发力，强调财政货币政策协同，保民生，加大金融支持力度，优化消费支...",邓利军,,7,2025-06-25,Isab******809,2,2025-06-29 01:11:00,,
投资策略,太平洋证券-策略日报：突破-250624,"大类资产跟踪
　　债券市场：利率债低开低走，股债跷跷板效应明显。今日上证指数放量突破颈线压制，且呈均线排列结构，虽然基本面的疲弱仍将支撑债市，但股市若继续走强仍将压制债市表现，...",张冬冬，徐梓铭,,14,2025-06-24,8888******888,2,2025-06-29 01:11:00,,
投资策略,长城证券-周观点：政策窗口期有望再加码，海外风险有所释放-250624,"经济数据中消费有所超预期，生产端具备韧性：
　　整体来看，5月我国经济运行相对平稳且具有韧性。社会消费品零售总额增速持续向上（同比+6.4%），工业增加值（同比+5.8%）、服...",汪毅，王小琳,,3,2025-06-24,lim****ao,2,2025-06-29 01:11:00,,
投资策略,天风证券-海外与大类周报：中东地缘冲突如何定价？-250624,"伊以冲突触发中东权力格局重构，全球资产反应呈现历史性钝化
　　以色列2025年6月13日对伊朗核设施实施""斩首式打击""，引发伊朗直接军事报复。尽管事件导致原油日内涨幅7.02%...",吴开达,,10,2025-06-24,杨***,2,2025-06-29 01:11:00,,
投资策略,财信证券-经济金融高频数据周报（06.23~06.27）-250623,"投资要点
　　全球经济及通胀：经济活跃度上行，通胀走高。
　　全球经济活跃度有所上行，2025年6月14日至6月20日BDI指数当周日均值为1848.2点，较上周上涨52.00...",叶彬,,22,2025-06-24,h**d,3,2025-06-29 01:11:02,,
投资策略,粤开证券-粤开市场日报-250624,"今日关注
　　指数涨跌情况：今日A股主要宽基指数全数上涨。截止收盘，沪指涨1.15%，收报3420.57点；深证成指涨1.68%，收报10217.63点；创业板指涨2.30%，...",孟之绪,,6,2025-06-24,漂***,3,2025-06-29 01:11:02,,
投资策略,慧博智能投研-慧博研报炼金之研报头条精华：从稳定币应用场景展望人民币国际化的未来-250624,"策略——从稳定币应用场景展望人民币国际化的未来越
　　（一）稳定币的支付场景：稳定币的成交已经超越VISA，小额跨境支付优势明显
　　便捷支付是稳定币一大应用优势。目前稳定币的...",慧博智能投研,,24,2025-06-24,慧博,3,2025-06-29 01:11:02,,
投资策略,东海证券-技术分析行业指数简评：能源金属板块短线技术条件渐次向好，目前仍处相对低位-250624,"投资要点
　　核心观点：能源金属板块上破多个重要压力位，已走出最近两年形成的中期下降趋势，也已运行于长达四年的长期下降趋势线之上。与历史高点相比，指数目前仍处相对低位。指数在近...",王洋,,4,2025-06-24,cy3****09,3,2025-06-29 01:11:02,,
投资策略,天风证券-政策与大类资产配置周观察：美国下场伊以，全球的十字路口-250624,"海内外政策要闻
　　习近平出席第二届中国—中亚峰会。当地时间6月17日下午，第二届中国—中亚峰会在阿斯塔纳独立宫举行。哈萨克斯坦总统托卡耶夫主持会议。峰会一致决定弘扬“中国—中...",吴开达，叶慧超,,24,2025-06-24,tom****ve,3,2025-06-29 01:11:02,,
投资策略,申港证券-策略周报：上周缩量回落-250623,"上周各主要指数具体表现分别为：沪深300指数涨跌幅为-0.45%,上证指数涨跌幅-0.51%，深证成指涨跌幅为-1.16%，创业板涨跌幅为-1.66%，中证500涨跌幅为-1....",徐广福,,7,2025-06-24,baq****23,3,2025-06-29 01:11:02,,
投资策略,开源证券-北交所策略专题报告：新三板2024年报观察，分化格局深化，创新层企业成逆势增长亮点-250623,"近97%新三板公司完成2024年年报披露，受宏观影响业绩整体呈下滑态势
　　截至2025年6月9日，股转系统挂牌股票中已有5873家公司披露2024年年报，194家未披露，其中...",诸海滨,,15,2025-06-23,t**w,3,2025-06-29 01:11:02,,
投资策略,太平洋证券-估值与盈利周观察——6月第3期：金融、红利领涨-250623,市场估值普跌，金融、红利居前。上周宽基指数估值普跌，金融表现最优，消费表现最弱。从PE、PB偏离度的角度看，食品饮料、农林牧渔、公用事业等行业估值较为便宜。向前看，本周市场ER...,张冬冬，吴步升,,17,2025-06-23,bri****yc,3,2025-06-29 01:11:02,,
投资策略,太平洋证券-策略日报：反者道之动-250623,债券市场：利率债整体震荡，盘中先跌后涨。今日股市冲高，债市小幅震荡，考虑到部分股指波动率已创下近两年新低，在利好消息缺乏，基本面疲弱下未来波动率的抬升更可能是向下调整，维持债市...,张冬冬，徐梓铭,,13,2025-06-23,wang******_gz,3,2025-06-29 01:11:02,,
投资策略,东吴证券-北交所定期报告：北证50修复性回弹，成交额缩量下跌-250623,le_Summary]科技自立自强是国家安全之要，变局下科技成竞争关键，需统筹发展安全，筑牢战略基点。2）发改委：持续激发中国民间投资活力，推介项目超3万亿元。为持续激发民间投...,朱洁羽，易申申，余慧勇,,8,2025-06-23,re***2,3,2025-06-29 01:11:02,,
投资策略,太平洋证券-流动性与仓位周观察——6月第3期：资金延续净流出-250623,资金净流出，交投活跃度下降。上周全A成交额6.08万亿，较前一周下降，换手率6.87%，较前一周下降，资金供给端中基金、ETF净流入，两融净流出；资金需求端IPO规模为12.6...,张冬冬，吴步升,,15,2025-06-23,nei****uo,3,2025-06-29 01:11:02,,
投资策略,天风证券-海外与外资周观察：港股能否重拾上涨动力？-250623,截至6月20日，恒指年内上涨17.3%，阿里巴巴、小米、汇丰均贡献超过2%的收益，排名前十的个股累计贡献15.5%，而其余成分股仅贡献1.8%收益，此外恒指成分股高于100日均...,吴开达,,7,2025-06-23,li***d,3,2025-06-29 01:11:02,,
投资策略,慧博智能投研-机构一周策略综述-250623,"1、申万宏源
　　短期A股风险偏好回落，自上而下叙事有所弱化：1.国内经济支撑力处于空窗期：“抢出口”提前走弱，市场预期稳增长再发力要等到9-10月。2.海外扰动增加：美国债务...",慧博智能投研,,4,2025-06-23,慧博,3,2025-06-29 01:11:02,,
投资策略,源达信息-机构调研、股东增持与公司回购策略周报-250623,"机构调研热门公司梳理
　　近30天机构调研数前二十的热门公司有骏鼎达、博实结、四创电子、安培龙和福光股份等。近5天机构调研数前二十的热门公司有福光股份、骏鼎达、步科股份、冰轮环...",褚聪聪,,12,2025-06-23,jifa******y30,3,2025-06-29 01:11:02,,
投资策略,华龙证券-A股投资策略周报告：5月经济稳中有进-250622,"摘要（核心观点）：
　　5月经济稳中有进。(1)5月规模以上工业增加值同比增长5.8%，环比增长0.61%。(2)5月全国服务业生产指数同比增长6.2%，比上月加快0.2%。(...",朱金金,,13,2025-06-23,the****li,3,2025-06-29 01:11:02,,
投资策略,东莞证券-北交所2025年中期投资策略：制度红利延续，结构切换中寻找主线机会-250623,"投资要点：
　　2025年上半年，北交所整体延续活跃态势。截至6月13日，北证50指数年内累计上涨约33%，跑赢A股主要宽基指数。从流动性维度看，2024年Q4以来月均成交额显...",李紫忆,,24,2025-06-23,fyl****er,3,2025-06-29 01:11:02,,
投资策略,粤开证券-粤开市场日报-250623,"今日关注
　　指数涨跌情况：今日A股主要宽基指数多数上涨。截止收盘，沪指涨0.65%，收报3381.58点；深证成指涨0.43%，收报10048.39点；创业板指涨0.39%，...",孟之绪,,6,2025-06-23,chin******586,3,2025-06-29 01:11:02,,
投资策略,慧博智能投研-慧博研报炼金之研报头条精华：聚焦龙头化、国产化、全球化，蓄力新高-250623,"一、策略——聚焦龙头化、国产化、全球化：蓄力新高
　　（一）大势研判：去美元化趋势明确，资金或从美元资产转向非美资产
　　1.去美元化
　　（1）弱美元，特朗普政策方针+美国财...",慧博智能投研,,32,2025-06-23,慧博,3,2025-06-29 01:11:02,,
投资策略,中邮证券-策略观点：短期地缘冲突逆风延续，A股面临压力-250623,"投资要点
　　本周A股受外围地缘政治冲突影响表现不佳。本周主要股指全数下跌，其中高股息大市值个股占比高的上证50微跌0.10%表现最佳，其余权重指数跌幅亦较小，科创50、创业板...",黄子崟,,11,2025-06-23,wen****ao,3,2025-06-29 01:11:02,,
投资策略,宏信证券-一周市场回顾（2025.06.16—2025.06.20）-250623,A股市场：本周A股上证指数下跌0.51%，收于3359.90点，深证成指下跌1.16%，收于10005.03点，创业板指下跌1.66%，收于2009.89点。价值风格类板块代表...,马遥识途,,7,2025-06-23,DJQ****35,3,2025-06-29 01:11:02,,
